University,City,Degree_Level,School,Program_Name,Duration,Eligibility,Test_Required,Fee_Per_Semester,Admission_Deadline,Program_URL
Ziauddin University,Karachi,Undergraduate,Ziauddin Medical College,MBBS,5 Years,Intermediate / A-Levels (relevant discipline),Ziauddin University Admission Test,120000,"September 30, 2026",https://zu.edu.pk/faculty-of-health-sciences/ziauddin-medical-college/bachelor-of-medicine-bachelor-of-surgery-mbbs/
Ziauddin University,Karachi,Undergraduate,College of Dentistry,Bachelor of Dental Surgery (BDS),5 Years,Intermediate / A-Levels (relevant discipline),Ziauddin University Admission Test,120000,"September 30, 2026",https://zu.edu.pk/faculty-of-health-sciences/college-of-dentistry/bachelors-of-dental-surgery/
Ziauddin University,Karachi,Undergraduate,College of Public Health (Sukkur),BS Public Health (BSPH),4 Years,Intermediate / A-Levels (relevant discipline),Ziauddin University Admission Test,120000,"September 30, 2026",https://zu.edu.pk/faculty-of-health-sciences/college-of-public-health-sukkur/bachelors-in-public-health-bsph/
Ziauddin University,Karachi,Undergraduate,College of Molecular Medicine,BS Molecular Medicine,4 Years,Intermediate / A-Levels (relevant discipline),Ziauddin University Admission Test,120000,"September 30, 2026",https://zu.edu.pk/faculty-of-health-sciences/college-of-molecular-medicine/bs-molecular-medicine/
Ziauddin University,Karachi,Undergraduate,College of Physical Therapy (Karachi),Doctor of Physical Therapy (DPT),5 Years,Intermediate / A-Levels (relevant discipline),Ziauddin University Admission Test,120000,"September 30, 2026",https://zu.edu.pk/faculty-of-allied-health-sciences/college-of-physical-therapy-karachi/doctor-of-physical-therapy-karachi/
Ziauddin University,Karachi,Undergraduate,College of Occupational Therapy (Karachi),Doctor of Occupational Therapy (DOT),5 Years,Intermediate / A-Levels (relevant discipline),Ziauddin University Admission Test,120000,"September 30, 2026",https://zu.edu.pk/faculty-of-allied-health-sciences/college-of-occupational-therapy-karachi/doctor-of-occupational-therapy-karachi/
Ziauddin University,Karachi,Undergraduate,College of Occupational Therapy (Karachi),Accelerated Doctor of Occupational Therapy,3 Years,Intermediate / A-Levels (relevant discipline),Ziauddin University Admission Test,120000,"September 30, 2026",https://zu.edu.pk/faculty-of-allied-health-sciences/college-of-occupational-therapy-karachi/accelerated-doctor-of-occupational-therapy/
Ziauddin University,Karachi,Undergraduate,College of Speech Language & Hearing Sciences,BS Accelerated Audiology & Speech Language Therapy (AASLT),1.5 Years,Intermediate / A-Levels (relevant discipline),Ziauddin University Admission Test,120000,"September 30, 2026",https://zu.edu.pk/faculty-of-allied-health-sciences/college-of-speech-language-hearing-sciences/bs-accelerated-audiology-and-speech-language-therapy-aaslt-1-5-year/
Ziauddin University,Karachi,Undergraduate,College of Clinical Psychology (Karachi),BS Clinical Psychology,4 Years,Intermediate / A-Levels (relevant discipline),Ziauddin University Admission Test,120000,"September 30, 2026",https://zu.edu.pk/faculty-of-allied-health-sciences/college-of-clinical-psychology-karachi-campus/bs-in-psychology-clinical-psychology/
Ziauddin University,Karachi,Undergraduate,College of Clinical Psychology (Sukkur),BS Clinical Psychology,4 Years,Intermediate / A-Levels (relevant discipline),Ziauddin University Admission Test,120000,"September 30, 2026",https://zu.edu.pk/faculty-of-allied-health-sciences/college-of-clinical-psychology-sukkur-campus/bs-in-psychology-clinical-psychology/
Ziauddin University,Karachi,Undergraduate,College of Speech Language & Hearing Sciences,BS Audiology & Speech Language Therapy,4 Years,Intermediate / A-Levels (relevant discipline),Ziauddin University Admission Test,120000,"September 30, 2026",https://zu.edu.pk/faculty-of-allied-health-sciences/college-of-speech-language-hearing-sciences/bs-audiology-speech-language-therapy/
Ziauddin University,Karachi,Undergraduate,College of Podiatric Medicine,Doctor of Podiatric Medicine (DPM),5 Years,Intermediate / A-Levels (relevant discipline),Ziauddin University Admission Test,120000,"September 30, 2026",https://zu.edu.pk/faculty-of-allied-health-sciences/college-of-podiatric-medicine/doctor-of-podiatric-medicine/
Ziauddin University,Karachi,Undergraduate,College of Medical Technology (Karachi),BS Medical Technology,4 Years,Intermediate / A-Levels (relevant discipline),Ziauddin University Admission Test,120000,"September 30, 2026",https://zu.edu.pk/faculty-of-allied-health-sciences/college-of-medical-technology-karachi/b-s-medical-technology-04-years-programme/
Ziauddin University,Karachi,Undergraduate,College of Human Nutrition & Dietetics,BS Human Nutrition & Dietetics,4 Years,Intermediate / A-Levels (relevant discipline),Ziauddin University Admission Test,120000,"September 30, 2026",https://zu.edu.pk/faculty-of-allied-health-sciences/college-of-human-nutrition-dietetics/bs-human-nutrition-and-dietetics/
Ziauddin University,Karachi,Undergraduate,College of Media Sciences,BS Communication & Media Sciences,4 Years,Intermediate / A-Levels (relevant discipline),Ziauddin University Admission Test,120000,"September 30, 2026",https://zu.edu.pk/faculty-of-liberal-arts-human-sciences/college-of-media-sciences/bs-in-communication-and-media-sciences/
Ziauddin University,Karachi,Undergraduate,College of Media Sciences,BS Digital Media Marketing,4 Years,Intermediate / A-Levels (relevant discipline),Ziauddin University Admission Test,120000,"September 30, 2026",https://zu.edu.pk/faculty-of-liberal-arts-human-sciences/college-of-media-sciences/bs-digital-media-marketing/
Ziauddin University,Karachi,Undergraduate,"College of Languages, Literature & Culture",BS English,4 Years,Intermediate / A-Levels (relevant discipline),Ziauddin University Admission Test,120000,"September 30, 2026",https://zu.edu.pk/faculty-of-liberal-arts-human-sciences/college-of-languages-literature-culture/bs-english/
Ziauddin University,Karachi,Undergraduate,College of Education,BS Education (Psychology),4 Years,Intermediate / A-Levels (relevant discipline),Ziauddin University Admission Test,120000,"September 30, 2026",https://zu.edu.pk/faculty-of-liberal-arts-human-sciences/college-of-education/bs-education-psychology/
Ziauddin University,Karachi,Undergraduate,"College of Languages, Literature & Culture",BS Social Change & Development,4 Years,Intermediate / A-Levels (relevant discipline),Ziauddin University Admission Test,120000,"September 30, 2026",https://zu.edu.pk/faculty-of-liberal-arts-human-sciences/college-of-languages-literature-culture/bs-in-social-change-development/
Ziauddin University,Karachi,Undergraduate,"Faculty of Law, Politics & Governance",Bachelor of Laws (LLB),5 Years,Intermediate / A-Levels (relevant discipline),Ziauddin University Admission Test,120000,"September 30, 2026",https://zu.edu.pk/faculty-of-law-politics-governance/bachelor-of-laws/
Ziauddin University,Karachi,Undergraduate,Department of Biomedical Engineering,BE Biomedical Engineering,4 Years,Intermediate / A-Levels (relevant discipline),Ziauddin University Admission Test,120000,"September 30, 2026",https://zu.edu.pk/faculty-of-engineering-science-technology-management/college-of-engineering-technology/department-of-biomedical-engineering/be-biomedical-engineering/
Ziauddin University,Karachi,Undergraduate,Department of Electrical Engineering,BE Electrical Engineering,4 Years,Intermediate / A-Levels (relevant discipline),Ziauddin University Admission Test,120000,"September 30, 2026",https://zu.edu.pk/faculty-of-engineering-science-technology-management/college-of-engineering-technology/department-of-electrical-engineering/be-electrical-engineering/
Ziauddin University,Karachi,Undergraduate,Department of Computer Science,BS Computer Science,4 Years,Intermediate / A-Levels (relevant discipline),Ziauddin University Admission Test,120000,"September 30, 2026",https://zu.edu.pk/faculty-of-engineering-science-technology-management/college-of-computing-and-software-engineering/department-of-computer-science/bs-computer-science/
Ziauddin University,Karachi,Undergraduate,Department of Software Engineering,BS Software Engineering,4 Years,Intermediate / A-Levels (relevant discipline),Ziauddin University Admission Test,120000,"September 30, 2026",https://zu.edu.pk/faculty-of-engineering-science-technology-management/college-of-computing-and-software-engineering/department-of-software-engineering/bs-software-engineering/
Ziauddin University,Karachi,Undergraduate,Department of Business Administration,Bachelor of Business Administration (BBA),4 Years,Intermediate / A-Levels (relevant discipline),Ziauddin University Admission Test,120000,"September 30, 2026",https://zu.edu.pk/faculty-of-engineering-science-technology-management/college-of-management-sciences/department-of-business-administration/bachelor-of-business-administration-bba/
Ziauddin University,Karachi,Postgraduate,College of Medical Technology (Karachi),PhD Medical Technology,3–5 Years,Relevant MS / MPhil / MBBS / BS degree,GAT (General/Subject) + Interview,150000,"October 31, 2026",https://zu.edu.pk/faculty-of-allied-health-sciences/college-of-medical-technology-karachi/phd-in-medical-technology/
Ziauddin University,Karachi,Postgraduate,Ziauddin Medical College,MPhil Anatomy,2 Years,Relevant MS / MPhil / MBBS / BS degree,GAT (General/Subject) + Interview,150000,"October 31, 2026",https://zu.edu.pk/faculty-of-health-sciences/ziauddin-medical-college/m-phil-basic-health-sciences/mphil-anatomy/
Ziauddin University,Karachi,Postgraduate,Ziauddin Medical College,MPhil Biochemistry,2 Years,Relevant MS / MPhil / MBBS / BS degree,GAT (General/Subject) + Interview,150000,"October 31, 2026",https://zu.edu.pk/faculty-of-health-sciences/ziauddin-medical-college/m-phil-basic-health-sciences/m-phil-biochemistry/
Ziauddin University,Karachi,Postgraduate,Ziauddin Medical College,MPhil Physiology,2 Years,Relevant MS / MPhil / MBBS / BS degree,GAT (General/Subject) + Interview,150000,"October 31, 2026",https://zu.edu.pk/faculty-of-health-sciences/ziauddin-medical-college/m-phil-basic-health-sciences/m-phil-physiology/
Ziauddin University,Karachi,Postgraduate,Ziauddin Medical College,MPhil Pharmacology,2 Years,Relevant MS / MPhil / MBBS / BS degree,GAT (General/Subject) + Interview,150000,"October 31, 2026",https://zu.edu.pk/faculty-of-health-sciences/ziauddin-medical-college/m-phil-basic-health-sciences/mphil-pharmacology/
Ziauddin University,Karachi,Postgraduate,Ziauddin Medical College,MPhil Molecular Medicine,2 Years,Relevant MS / MPhil / MBBS / BS degree,GAT (General/Subject) + Interview,150000,"October 31, 2026",https://zu.edu.pk/faculty-of-health-sciences/ziauddin-medical-college/m-phil-basic-health-sciences/m-phil-in-molecular-medicine/
Ziauddin University,Karachi,Postgraduate,Ziauddin Medical College,MPhil Forensic Medicine & Toxicology,2 Years,Relevant MS / MPhil / MBBS / BS degree,GAT (General/Subject) + Interview,150000,"October 31, 2026",https://zu.edu.pk/faculty-of-health-sciences/ziauddin-medical-college/m-phil-basic-health-sciences/m-phil-forensic-medicine-toxicology/
Ziauddin University,Karachi,Postgraduate,College of Dentistry,MPhil Basic Dental Sciences,2 Years,Relevant MS / MPhil / MBBS / BS degree,GAT (General/Subject) + Interview,150000,"October 31, 2026",https://zu.edu.pk/faculty-of-health-sciences/college-of-dentistry/m-phil-basic-dental-sciences/
Ziauddin University,Karachi,Postgraduate,Ziauddin Medical College,PhD Anatomy (Health Sciences),3–5 Years,Relevant MS / MPhil / MBBS / BS degree,GAT (General/Subject) + Interview,150000,"October 31, 2026",https://zu.edu.pk/faculty-of-health-sciences/ziauddin-medical-college/ph-d-in-health-sciences/phd-in-anatomy-in-health-sciences/
Ziauddin University,Karachi,Postgraduate,Ziauddin Medical College,PhD Biochemistry (Health Sciences),3–5 Years,Relevant MS / MPhil / MBBS / BS degree,GAT (General/Subject) + Interview,150000,"October 31, 2026",https://zu.edu.pk/faculty-of-health-sciences/ziauddin-medical-college/ph-d-in-health-sciences/ph-d-in-biochemistry-in-health-sciences/
Ziauddin University,Karachi,Postgraduate,Ziauddin Medical College,PhD Physiology (Health Sciences),3–5 Years,Relevant MS / MPhil / MBBS / BS degree,GAT (General/Subject) + Interview,150000,"October 31, 2026",https://zu.edu.pk/faculty-of-health-sciences/ziauddin-medical-college/ph-d-in-health-sciences/ph-d-in-physiology-in-health-sciences/
Ziauddin University,Karachi,Postgraduate,Ziauddin Medical College,PhD Pharmacology (Health Sciences),3–5 Years,Relevant MS / MPhil / MBBS / BS degree,GAT (General/Subject) + Interview,150000,"October 31, 2026",https://zu.edu.pk/faculty-of-health-sciences/ziauddin-medical-college/ph-d-in-health-sciences/ph-d-in-pharmacology-in-health-sciences-copy/
Ziauddin University,Karachi,Postgraduate,College of Molecular Medicine,PhD Molecular Medicine,3–5 Years,Relevant MS / MPhil / MBBS / BS degree,GAT (General/Subject) + Interview,150000,"October 31, 2026",https://zu.edu.pk/faculty-of-health-sciences/college-of-molecular-medicine/phd-molecular-medicine/
Ziauddin University,Karachi,Postgraduate,Department of Civil Engineering,PhD Civil Engineering,3–5 Years,Relevant MS / MPhil / MBBS / BS degree,GAT (General/Subject) + Interview,150000,"October 31, 2026",https://zu.edu.pk/faculty-of-engineering-science-technology-management/college-of-engineering-technology/department-of-civil-engineering/phd-civil-engineering/
Ziauddin University,Karachi,Postgraduate,Department of Management Sciences,PhD Management Sciences,3–5 Years,Relevant MS / MPhil / MBBS / BS degree,GAT (General/Subject) + Interview,150000,"October 31, 2026",https://zu.edu.pk/faculty-of-engineering-science-technology-management/college-of-management-sciences/department-of-management-sciences/ph-d-management-sciences/
Ziauddin University,Karachi,Postgraduate,College of Education,MPhil Education,2 Years,Relevant MS / MPhil / MBBS / BS degree,GAT (General/Subject) + Interview,150000,"October 31, 2026",https://zu.edu.pk/faculty-of-liberal-arts-human-sciences/college-of-education/m-phil-education/
Ziauddin University,Karachi,Postgraduate,Department of Biomedical Engineering,MS Biomedical Engineering,2 Years,Relevant MS / MPhil / MBBS / BS degree,GAT (General/Subject) + Interview,150000,"October 31, 2026",https://zu.edu.pk/faculty-of-engineering-science-technology-management/college-of-engineering-technology/department-of-biomedical-engineering/ms-biomedical-engineering/
Ziauddin University,Karachi,Postgraduate,Department of Electrical Engineering,MS Electrical Engineering,2 Years,Relevant MS / MPhil / MBBS / BS degree,GAT (General/Subject) + Interview,150000,"October 31, 2026",https://zu.edu.pk/faculty-of-engineering-science-technology-management/college-of-engineering-technology/department-of-electrical-engineering/ms-electrical-engineering/
Ziauddin University,Karachi,Postgraduate,Department of Civil Engineering,MS Civil Engineering,2 Years,Relevant MS / MPhil / MBBS / BS degree,GAT (General/Subject) + Interview,150000,"October 31, 2026",https://zu.edu.pk/faculty-of-engineering-science-technology-management/college-of-engineering-technology/department-of-civil-engineering/ms-civil-engineering/
Ziauddin University,Karachi,Postgraduate,Department of Business Administration,Master of Business Administration (MBA),2 Years,Relevant MS / MPhil / MBBS / BS degree,GAT (General/Subject) + Interview,150000,"October 31, 2026",https://zu.edu.pk/faculty-of-engineering-science-technology-management/college-of-management-sciences/department-of-business-administration/master-of-business-administration-mba/
Ziauddin University,Karachi,Postgraduate,Department of Management Sciences,MS Management Sciences,2 Years,Relevant MS / MPhil / MBBS / BS degree,GAT (General/Subject) + Interview,150000,"October 31, 2026",https://zu.edu.pk/faculty-of-engineering-science-technology-management/college-of-management-sciences/department-of-management-sciences/ms-management-sciences/
Ziauddin University,Karachi,Postgraduate,Department of Computer Science,MS Computer Science,2 Years,Relevant MS / MPhil / MBBS / BS degree,GAT (General/Subject) + Interview,150000,"October 31, 2026",https://zu.edu.pk/faculty-of-engineering-science-technology-management/college-of-computing-and-software-engineering/department-of-computer-science/ms-computer-science/
Ziauddin University,Karachi,Postgraduate,Department of Biomedical Engineering,MPhil Biotechnology,2 Years,Relevant MS / MPhil / MBBS / BS degree,GAT (General/Subject) + Interview,150000,"October 31, 2026",https://zu.edu.pk/faculty-of-engineering-science-technology-management/college-of-engineering-technology/department-of-biomedical-engineering/mphil-biotechnology/
Ziauddin University,Karachi,Postgraduate,Department of Biomedical Engineering,MPhil Food Science & Technology,2 Years,Relevant MS / MPhil / MBBS / BS degree,GAT (General/Subject) + Interview,150000,"October 31, 2026",https://zu.edu.pk/faculty-of-engineering-science-technology-management/college-of-engineering-technology/department-of-biomedical-engineering/m-phil-in-food-science-and-technology/
Ziauddin University,Karachi,Postgraduate,Department of Electrical Engineering,PhD Electrical Engineering,3–5 Years,Relevant MS / MPhil / MBBS / BS degree,GAT (General/Subject) + Interview,150000,"October 31, 2026",https://zu.edu.pk/faculty-of-engineering-science-technology-management/college-of-engineering-technology/department-of-electrical-engineering/ph-d-electrical-engineering/
Ziauddin University,Karachi,Postgraduate,Faculty of Nursing & Midwifery,MS Nursing,2 Years,Relevant MS / MPhil / MBBS / BS degree,GAT (General/Subject) + Interview,150000,"October 31, 2026",https://zu.edu.pk/faculty-of-nursing-midwifery/master-of-science-in-nursing-2-years/
Ziauddin University,Karachi,Postgraduate,Faculty of Nursing & Midwifery,PhD Nursing,3 Years,Relevant MS / MPhil / MBBS / BS degree,GAT (General/Subject) + Interview,150000,"October 31, 2026",https://zu.edu.pk/faculty-of-nursing-midwifery/doctor-of-philosophy-in-nursing-ph-d-3-years/
Ziauddin University,Karachi,Postgraduate,College of Pharmacy (Karachi),PhD Pharmacy,3–5 Years,Relevant MS / MPhil / MBBS / BS degree,GAT (General/Subject) + Interview,150000,"October 31, 2026",https://zu.edu.pk/faculty-of-pharmacy-and-pharmaceutical-sciences/college-of-pharmacy-karachi/doctor-of-philosophy-ph-d/
Ziauddin University,Karachi,Postgraduate,College of Pharmacy (Karachi),MPhil Pharmacy,2 Years,Relevant MS / MPhil / MBBS / BS degree,GAT (General/Subject) + Interview,150000,"October 31, 2026",https://zu.edu.pk/faculty-of-pharmacy-and-pharmaceutical-sciences/college-of-pharmacy-karachi/master-of-philosophy-mphil/
