Institute,City,School / Department,Program Title,Degree,Degree Level,Program Type,Duration,Fee (PKR),Eligibility Criteria,Admission Test,Program URL,Fee URL,Admission Deadline
University of Management and Technology,Lahore,Dr Hasan Murad School of Management (HSM),Bachelor of Business Administration,BBA,Undergraduate Programs,Morning,4 years,2090000,HSSC / A-Levels or equivalent qualification,UMT Entry Test / SAT / NTS (as per policy),https://admissions.umt.edu.pk/prog/BBA.aspx,https://admissions.umt.edu.pk/FeeStructure.aspx,31 August 2025
University of Management and Technology,Lahore,Dr Hasan Murad School of Management (HSM),Bachelor of Business Administration - Post ADP,BBA - Post ADP,Post Associate Degree Programs,Morning,2 years,1201581,As per UMT admission policy,UMT Entry Test / SAT / NTS (as per policy),https://admissions.umt.edu.pk/prog/BBA - Post ADP.aspx,https://admissions.umt.edu.pk/FeeStructure.aspx,31 August 2025
University of Management and Technology,Lahore,Dr Hasan Murad School of Management (HSM),Bachelor of Business and Information Systems,BBIS,Undergraduate Programs,Morning,4 years,1790000,HSSC / A-Levels or equivalent qualification,UMT Entry Test / SAT / NTS (as per policy),https://admissions.umt.edu.pk/prog/BBIS.aspx,https://admissions.umt.edu.pk/FeeStructure.aspx,31 August 2025
University of Management and Technology,Lahore,Dr Hasan Murad School of Management (HSM),Bachelor of Business and Information Systems - Post ADP,BBIS - Post ADP,Post Associate Degree Programs,Morning,2 years,1050467,As per UMT admission policy,UMT Entry Test / SAT / NTS (as per policy),https://admissions.umt.edu.pk/prog/BBIS - Post ADP.aspx,https://admissions.umt.edu.pk/FeeStructure.aspx,31 August 2025
University of Management and Technology,Lahore,Dr Hasan Murad School of Management (HSM),BS Accounting and Finance,BSAF,Undergraduate Programs,Morning,4 Years,1690000,HSSC / A-Levels or equivalent qualification,UMT Entry Test / SAT / NTS (as per policy),https://admissions.umt.edu.pk/prog/BSAF.aspx,https://admissions.umt.edu.pk/FeeStructure.aspx,31 August 2025
University of Management and Technology,Lahore,Dr Hasan Murad School of Management (HSM),BS Accounting and Finance - Post ADP,BSAF - Post ADP,Post Associate Degree Programs,Morning,2 years,974862,As per UMT admission policy,UMT Entry Test / SAT / NTS (as per policy),https://admissions.umt.edu.pk/prog/BSAF - Post ADP.aspx,https://admissions.umt.edu.pk/FeeStructure.aspx,31 August 2025
University of Management and Technology,Lahore,Dr Hasan Murad School of Management (HSM),BS Business and AI,BSBAI,Undergraduate Programs,Morning,4 Years,1990000,HSSC / A-Levels or equivalent qualification,UMT Entry Test / SAT / NTS (as per policy),https://admissions.umt.edu.pk/prog/BSBAI.aspx,https://admissions.umt.edu.pk/FeeStructure.aspx,31 August 2025
University of Management and Technology,Lahore,Dr Hasan Murad School of Management (HSM),BS Economics,BS ECO,Undergraduate Programs,Morning,4 Years,1390000,HSSC / A-Levels or equivalent qualification,UMT Entry Test / SAT / NTS (as per policy),https://admissions.umt.edu.pk/prog/BS Eco.aspx,https://admissions.umt.edu.pk/FeeStructure.aspx,31 August 2025
University of Management and Technology,Lahore,Dr Hasan Murad School of Management (HSM),BS Economics - Post ADP,BS ECO - Post ADP,Post Associate Degree Programs,Morning,2 years,780848,As per UMT admission policy,UMT Entry Test / SAT / NTS (as per policy),https://admissions.umt.edu.pk/prog/BS ECO - Post ADP.aspx,https://admissions.umt.edu.pk/FeeStructure.aspx,31 August 2025
University of Management and Technology,Lahore,Dr Hasan Murad School of Management (HSM),BS Economics with Data Science,BS ECO-DS,Undergraduate Programs,Morning,4 years,1390000,HSSC / A-Levels or equivalent qualification,UMT Entry Test / SAT / NTS (as per policy),https://admissions.umt.edu.pk/prog/BS EDS.aspx,https://admissions.umt.edu.pk/FeeStructure.aspx,31 August 2025
University of Management and Technology,Lahore,Dr Hasan Murad School of Management (HSM),BS Economics with Finance,BS ECO-FIN,Undergraduate Programs,Morning,4 years,1390000,HSSC / A-Levels or equivalent qualification,UMT Entry Test / SAT / NTS (as per policy),https://admissions.umt.edu.pk/prog/BS EF.aspx,https://admissions.umt.edu.pk/FeeStructure.aspx,31 August 2025
University of Management and Technology,Lahore,Dr Hasan Murad School of Management (HSM),BS Economics with Public Policy,BS ECO-PP,Undergraduate Programs,Morning,4 years,1390000,HSSC / A-Levels or equivalent qualification,UMT Entry Test / SAT / NTS (as per policy),https://admissions.umt.edu.pk/prog/BS EPP.aspx,https://admissions.umt.edu.pk/FeeStructure.aspx,31 August 2025
University of Management and Technology,Lahore,Dr Hasan Murad School of Management (HSM),BS Fintech and Cryptocurrency,BSFC,Undergraduate Programs,Morning,4 Years,1690000,HSSC / A-Levels or equivalent qualification,UMT Entry Test / SAT / NTS (as per policy),https://admissions.umt.edu.pk/prog/BSFC.aspx,https://admissions.umt.edu.pk/FeeStructure.aspx,31 August 2025
University of Management and Technology,Lahore,Dr Hasan Murad School of Management (HSM),BS Management and Technology,BSMT,Undergraduate Programs,Morning,4 Years,1390000,HSSC / A-Levels or equivalent qualification,UMT Entry Test / SAT / NTS (as per policy),https://admissions.umt.edu.pk/prog/BSMT.aspx,https://admissions.umt.edu.pk/FeeStructure.aspx,31 August 2025
University of Management and Technology,Lahore,Dr Hasan Murad School of Management (HSM),BS Operations and Supply Chain Management,BSOSCM,Undergraduate Programs,Morning,4 Years,1390000,HSSC / A-Levels or equivalent qualification,UMT Entry Test / SAT / NTS (as per policy),https://admissions.umt.edu.pk/prog/BSOSCM.aspx,https://admissions.umt.edu.pk/FeeStructure.aspx,31 August 2025
University of Management and Technology,Lahore,Dr Hasan Murad School of Management (HSM),BS Operations and Supply Chain Post ADP,BSOSCM - Post ADP,Post Associate Degree Programs,Morning,2 years,830604,As per UMT admission policy,UMT Entry Test / SAT / NTS (as per policy),https://admissions.umt.edu.pk/prog/BS OSCM - Post ADP.aspx,https://admissions.umt.edu.pk/FeeStructure.aspx,31 August 2025
University of Management and Technology,Lahore,Dr Hasan Murad School of Management (HSM),Executive MBA (Weekend),EMBA,Graduate Programs,Weekend,2 Years,890000,16 years education from HEC recognized institution,UMT Entry Test / SAT / NTS (as per policy),https://admissions.umt.edu.pk/prog/EMBA.aspx,https://admissions.umt.edu.pk/FeeStructure.aspx,31 August 2025
University of Management and Technology,Lahore,Dr Hasan Murad School of Management (HSM),MBA,MBA  (2 Years),Graduate Programs,Evening,2 Years,990000,16 years education from HEC recognized institution,UMT Entry Test / SAT / NTS (as per policy),https://admissions.umt.edu.pk/prog/MBA  (2 Years).aspx,https://admissions.umt.edu.pk/FeeStructure.aspx,31 August 2025
University of Management and Technology,Lahore,Dr Hasan Murad School of Management (HSM),MBA (1.5 Years),MBA  (1.5 Years),Graduate Programs,Morning/Evening,1.5 Years,790000,16 years education from HEC recognized institution,UMT Entry Test / SAT / NTS (as per policy),https://admissions.umt.edu.pk/prog/MBA (1.5 Years).aspx,https://admissions.umt.edu.pk/FeeStructure.aspx,31 August 2025
University of Management and Technology,Lahore,Dr Hasan Murad School of Management (HSM),MS Business Analytics (Weekend),MSBA,Graduate Programs,Weekend,2  Years,790000,16 years education from HEC recognized institution,UMT Entry Test / SAT / NTS (as per policy),https://admissions.umt.edu.pk/prog/MS BA.aspx,https://admissions.umt.edu.pk/FeeStructure.aspx,31 August 2025
University of Management and Technology,Lahore,Dr Hasan Murad School of Management (HSM),MS Economics,MS ECO,Graduate Programs,Evening,2 Years,790000,16 years education from HEC recognized institution,UMT Entry Test / SAT / NTS (as per policy),https://admissions.umt.edu.pk/prog/MS Eco.aspx,https://admissions.umt.edu.pk/FeeStructure.aspx,31 August 2025
University of Management and Technology,Lahore,Dr Hasan Murad School of Management (HSM),MS Finance (Weekend),MSFIN,Graduate Programs,Weekend,2 Years,790000,16 years education from HEC recognized institution,UMT Entry Test / SAT / NTS (as per policy),https://admissions.umt.edu.pk/prog/MS Fin.aspx,https://admissions.umt.edu.pk/FeeStructure.aspx,31 August 2025
University of Management and Technology,Lahore,Dr Hasan Murad School of Management (HSM),MS Higher Education Leadership and Management,MS HELM,Graduate Programs,Weekend,2 years,490000,16 years education from HEC recognized institution,UMT Entry Test / SAT / NTS (as per policy),https://admissions.umt.edu.pk/prog/MS HELM.aspx,https://admissions.umt.edu.pk/FeeStructure.aspx,31 August 2025
University of Management and Technology,Lahore,Dr Hasan Murad School of Management (HSM),MS Management,MSMGT,Graduate Programs,Evening,2 Years,790000,16 years education from HEC recognized institution,UMT Entry Test / SAT / NTS (as per policy),https://admissions.umt.edu.pk/prog/MSMGT.aspx,https://admissions.umt.edu.pk/FeeStructure.aspx,31 August 2025
University of Management and Technology,Lahore,Dr Hasan Murad School of Management (HSM),MS Marketing (Weekend),MSMKT,Graduate Programs,Weekend,2 Years,790000,16 years education from HEC recognized institution,UMT Entry Test / SAT / NTS (as per policy),https://admissions.umt.edu.pk/prog/MSMKT.aspx,https://admissions.umt.edu.pk/FeeStructure.aspx,31 August 2025
University of Management and Technology,Lahore,Dr Hasan Murad School of Management (HSM),MS Strategic Human Resource Management (Weekend),MS-SHRM,Graduate Programs,Weekend,2 Years,790000,16 years education from HEC recognized institution,UMT Entry Test / SAT / NTS (as per policy),https://admissions.umt.edu.pk/prog/MS-SHRM.aspx,https://admissions.umt.edu.pk/FeeStructure.aspx,31 August 2025
University of Management and Technology,Lahore,Dr Hasan Murad School of Management (HSM),MS Supply Chain Management (Weekend),MSSCM,Graduate Programs,Weekend,2 Years,790000,16 years education from HEC recognized institution,UMT Entry Test / SAT / NTS (as per policy),https://admissions.umt.edu.pk/prog/MSSCM.aspx,https://admissions.umt.edu.pk/FeeStructure.aspx,31 August 2025
University of Management and Technology,Lahore,Dr Hasan Murad School of Management (HSM),Nanodegree in Global Leadership Management,ND GLM,One Year Degree Programs,Hybrid,8 Months,299000,As per UMT admission policy,UMT Entry Test / SAT / NTS (as per policy),https://admissions.umt.edu.pk/prog/ND GLM.aspx,https://admissions.umt.edu.pk/FeeStructure.aspx,31 August 2025
University of Management and Technology,Lahore,Dr Hasan Murad School of Management (HSM),PhD Economics,PhD ECO,PhD Programs,Evening,3 Years,790000,MS / MPhil degree with research background,UMT Entry Test / SAT / NTS (as per policy),https://admissions.umt.edu.pk/prog/PhD Eco.aspx,https://admissions.umt.edu.pk/FeeStructure.aspx,31 August 2025
University of Management and Technology,Lahore,Dr Hasan Murad School of Management (HSM),PhD Management,PhD MGT,PhD Programs,Evening,3 Years,990000,MS / MPhil degree with research background,UMT Entry Test / SAT / NTS (as per policy),https://admissions.umt.edu.pk/prog/PhDManagement.aspx,https://admissions.umt.edu.pk/FeeStructure.aspx,31 August 2025
University of Management and Technology,Lahore,Dr Hasan Murad School of Management (HSM),PhD Statistics,PhD STATS,PhD Programs,Evening,3 Years,790000,MS / MPhil degree with research background,UMT Entry Test / SAT / NTS (as per policy),https://admissions.umt.edu.pk/prog/PhD Stats.aspx,https://admissions.umt.edu.pk/FeeStructure.aspx,31 August 2025
University of Management and Technology,Lahore,Institute of Aviation Studies,ADP Aircraft Maintenance Engineering,ADP AMET,Associate Degree Program,Morning,2 years,490000,As per UMT admission policy,UMT Entry Test / SAT / NTS (as per policy),https://admissions.umt.edu.pk/prog/ADP AMET.aspx,https://admissions.umt.edu.pk/FeeStructure.aspx,31 August 2025
University of Management and Technology,Lahore,Institute of Aviation Studies,ADP Aviation Business,ADP AB,Associate Degree Program,Morning,2 years,490000,As per UMT admission policy,UMT Entry Test / SAT / NTS (as per policy),https://admissions.umt.edu.pk/prog/ADP AB.aspx,https://admissions.umt.edu.pk/FeeStructure.aspx,31 August 2025
University of Management and Technology,Lahore,Institute of Aviation Studies,ADP Flight Operations,ADP FO,Associate Degree Program,Morning,2 years,490000,As per UMT admission policy,UMT Entry Test / SAT / NTS (as per policy),https://admissions.umt.edu.pk/prog/ADP FO.aspx,https://admissions.umt.edu.pk/FeeStructure.aspx,31 August 2025
University of Management and Technology,Lahore,Institute of Aviation Studies,BS Aircraft Maintenance Engineering Technology,BS-AMET,Undergraduate Programs,Morning,4 Years,1390000,HSSC / A-Levels or equivalent qualification,UMT Entry Test / SAT / NTS (as per policy),https://admissions.umt.edu.pk/prog/BScAMET.aspx,https://admissions.umt.edu.pk/FeeStructure.aspx,31 August 2025
University of Management and Technology,Lahore,Institute of Aviation Studies,BS Aviation Management,BS AM,Undergraduate Programs,Morning,4 Years,1590000,HSSC / A-Levels or equivalent qualification,UMT Entry Test / SAT / NTS (as per policy),https://admissions.umt.edu.pk/prog/BS-AM.aspx,https://admissions.umt.edu.pk/FeeStructure.aspx,31 August 2025
University of Management and Technology,Lahore,Institute of Aviation Studies,BS Aviation Management - PostADP/BSc/BA,BS AM(PostADP/BSc/BA),Post Associate Degree Programs,Morning,2 Years,490000,As per UMT admission policy,UMT Entry Test / SAT / NTS (as per policy),https://admissions.umt.edu.pk/prog/BSAM - Post ADP.aspx,https://admissions.umt.edu.pk/FeeStructure.aspx,31 August 2025
University of Management and Technology,Lahore,Institute of Aviation Studies,BS Aviation Management - PostADP/BSc/BA,BS AM(PostADP/BSc/BA),Post Associate Degree Programs,Morning,2 Years,490000,As per UMT admission policy,UMT Entry Test / SAT / NTS (as per policy),https://admissions.umt.edu.pk/prog/BSAM - Post ADP.aspx,https://admissions.umt.edu.pk/FeeStructure.aspx,31 August 2025
University of Management and Technology,Lahore,Institute of Aviation Studies,BS Aviation Management - PostADP/BSc/BA,BS AM(PostADP/BSc/BA),Post Associate Degree Programs,Morning,2 Years,490000,As per UMT admission policy,UMT Entry Test / SAT / NTS (as per policy),https://admissions.umt.edu.pk/prog/BSAM - Post ADP.aspx,https://admissions.umt.edu.pk/FeeStructure.aspx,31 August 2025
University of Management and Technology,Lahore,Institute of Aviation Studies,BS Aviation Professional Pilot (APP),BS(APP),Undergraduate Programs,Morning,4 Years,1590000,HSSC / A-Levels or equivalent qualification,UMT Entry Test / SAT / NTS (as per policy),https://admissions.umt.edu.pk/prog/BS-APP.aspx,https://admissions.umt.edu.pk/FeeStructure.aspx,31 August 2025
University of Management and Technology,Lahore,Institute of Aviation Studies,PGD in Aviation Safety,PGDAS,One Year Degree Programs,Morning,1 years,349000,As per UMT admission policy,UMT Entry Test / SAT / NTS (as per policy),https://admissions.umt.edu.pk/prog/PGDAS.aspx,https://admissions.umt.edu.pk/FeeStructure.aspx,31 August 2025
University of Management and Technology,Lahore,Institute of Hospitality Leadership,BS Global Hospitality and Culinary Arts,BS GHCA,Undergraduate Programs,Morning,4 Years,1490000,HSSC / A-Levels or equivalent qualification,UMT Entry Test / SAT / NTS (as per policy),https://admissions.umt.edu.pk/prog/BS GHCA.aspx,https://admissions.umt.edu.pk/FeeStructure.aspx,31 August 2025
University of Management and Technology,Lahore,Institute of Hospitality Leadership,BS Global Hospitality and Tourism Management,BS HTM,Undergraduate Programs,Morning,4 Years,1200000,HSSC / A-Levels or equivalent qualification,UMT Entry Test / SAT / NTS (as per policy),https://admissions.umt.edu.pk/prog/BS(HTM).aspx,https://admissions.umt.edu.pk/FeeStructure.aspx,31 August 2025
University of Management and Technology,Lahore,Institute of Hospitality Leadership,PGD International Hospitality and Tourism Management,PGD IHM,One Year Degree Programs,Evening,2 Years,400000,As per UMT admission policy,UMT Entry Test / SAT / NTS (as per policy),https://admissions.umt.edu.pk/prog/PGD IHTM.aspx,https://admissions.umt.edu.pk/FeeStructure.aspx,31 August 2025
University of Management and Technology,Lahore,Khurshid Ahmad Institute of Islamic Economics and Finance (KAIIEF),MS Islamic Banking And Finance,MSIBF,Graduate Programs,Weekend,2 Years,690000,16 years education from HEC recognized institution,UMT Entry Test / SAT / NTS (as per policy),https://admissions.umt.edu.pk/prog/MS IBF.aspx,https://admissions.umt.edu.pk/FeeStructure.aspx,31 August 2025
University of Management and Technology,Lahore,Khurshid Ahmad Institute of Islamic Economics and Finance (KAIIEF),PhD Islamic Banking and Finance,PhD IBF,PhD Programs,Evening,3 Years,790000,MS / MPhil degree with research background,UMT Entry Test / SAT / NTS (as per policy),https://admissions.umt.edu.pk/prog/PhD-IBF.aspx,https://admissions.umt.edu.pk/FeeStructure.aspx,31 August 2025
University of Management and Technology,Lahore,School of Architecture and Planning,B Architecture,BArch,Undergraduate Programs,Morning,5 Years,2090000,HSSC / A-Levels or equivalent qualification,UMT Entry Test / SAT / NTS (as per policy),https://admissions.umt.edu.pk/prog/BArch.aspx,https://admissions.umt.edu.pk/FeeStructure.aspx,31 August 2025
University of Management and Technology,Lahore,School of Architecture and Planning,BS City and Regional Planning,BSCRP,Undergraduate Programs,Morning,4 Years,1290000,HSSC / A-Levels or equivalent qualification,UMT Entry Test / SAT / NTS (as per policy),https://admissions.umt.edu.pk/prog/BSCRP.aspx,https://admissions.umt.edu.pk/FeeStructure.aspx,31 August 2025
University of Management and Technology,Lahore,School of Architecture and Planning,BS Design,BS D,Undergraduate Programs,Morning,4 years,890000,HSSC / A-Levels or equivalent qualification,UMT Entry Test / SAT / NTS (as per policy),https://admissions.umt.edu.pk/prog/BS D.aspx,https://admissions.umt.edu.pk/FeeStructure.aspx,31 August 2025
University of Management and Technology,Lahore,School of Architecture and Planning,BS in Remote Sensing and Geographic Information System,BS RSGIS,Undergraduate Programs,Morning,4 Years,990000,HSSC / A-Levels or equivalent qualification,UMT Entry Test / SAT / NTS (as per policy),https://admissions.umt.edu.pk/prog/BS RSGIS.aspx,https://admissions.umt.edu.pk/FeeStructure.aspx,31 August 2025
University of Management and Technology,Lahore,School of Architecture and Planning,BS Interior Architecture,BS IA,Undergraduate Programs,Morning,4 years,890000,HSSC / A-Levels or equivalent qualification,UMT Entry Test / SAT / NTS (as per policy),https://admissions.umt.edu.pk/prog/BS IA.aspx,https://admissions.umt.edu.pk/FeeStructure.aspx,31 August 2025
University of Management and Technology,Lahore,School of Architecture and Planning,Masters of Architecture,MS Arc(E),Graduate Programs,Evening,2 Years,490000,16 years education from HEC recognized institution,UMT Entry Test / SAT / NTS (as per policy),https://admissions.umt.edu.pk/prog/MS Arc(E).aspx,https://admissions.umt.edu.pk/FeeStructure.aspx,31 August 2025
University of Management and Technology,Lahore,School of Architecture and Planning,MS- City and Regional Planning,MS CRP,Graduate Programs,Weekend,2 Years,490000,16 years education from HEC recognized institution,UMT Entry Test / SAT / NTS (as per policy),https://admissions.umt.edu.pk/prog/MS City and Regional Planning.aspx,https://admissions.umt.edu.pk/FeeStructure.aspx,31 August 2025
University of Management and Technology,Lahore,School of Commerce and Accountancy,B.Com (Hons) - Post ADP/BA/BSC/B.Com,Bcom-Post ADP/BA/BSC/,Post Associate Degree Programs,Morning,2 Years,398668,As per UMT admission policy,UMT Entry Test / SAT / NTS (as per policy),https://admissions.umt.edu.pk/prog/Bcom-PostADP.aspx,https://admissions.umt.edu.pk/FeeStructure.aspx,31 August 2025
University of Management and Technology,Lahore,School of Commerce and Accountancy,Bcom (H),Bcom(H),Undergraduate Programs,Morning,4 Years,790000,HSSC / A-Levels or equivalent qualification,UMT Entry Test / SAT / NTS (as per policy),https://admissions.umt.edu.pk/prog/Bcom(H).aspx,https://admissions.umt.edu.pk/FeeStructure.aspx,31 August 2025
University of Management and Technology,Lahore,School of Commerce and Accountancy,BS Accounting,BS Acc,Undergraduate Programs,Morning,4 Years,890000,HSSC / A-Levels or equivalent qualification,UMT Entry Test / SAT / NTS (as per policy),https://admissions.umt.edu.pk/prog/BS-Act.aspx,https://admissions.umt.edu.pk/FeeStructure.aspx,31 August 2025
University of Management and Technology,Lahore,School of Commerce and Accountancy,BS Accounting - Post ADP/BA/BSc/Bcom,BS Acc(Post ADP/BA/BSc/Bcom),Post Associate Degree Programs,Morning,2 Years,456247,As per UMT admission policy,UMT Entry Test / SAT / NTS (as per policy),https://admissions.umt.edu.pk/prog/BS-Acc-Post-ADP/BA/BSc.aspx,https://admissions.umt.edu.pk/FeeStructure.aspx,31 August 2025
University of Management and Technology,Lahore,School of Commerce and Accountancy,BS Business Management and Accounting,BS BMA,Undergraduate Programs,Morning,4 years,890000,HSSC / A-Levels or equivalent qualification,UMT Entry Test / SAT / NTS (as per policy),https://admissions.umt.edu.pk/prog/BS BMA.aspx,https://admissions.umt.edu.pk/FeeStructure.aspx,31 August 2025
University of Management and Technology,Lahore,School of Commerce and Accountancy,BS Business Management and Accounting - Post ADP/BA/BSc/Bcom,BS BMA (Post ADP/BA/BSc/Bcom),Post Associate Degree Programs,Morning,2 Years,483075,As per UMT admission policy,UMT Entry Test / SAT / NTS (as per policy),https://admissions.umt.edu.pk/prog/BS-BMA-Post-ADP/BA/Bsc.aspx,https://admissions.umt.edu.pk/FeeStructure.aspx,31 August 2025
University of Management and Technology,Lahore,School of Commerce and Accountancy,BS Digital Accounting & Analytics,BS DAA,Undergraduate Programs,Morning,4 years,790000,HSSC / A-Levels or equivalent qualification,UMT Entry Test / SAT / NTS (as per policy),https://admissions.umt.edu.pk/prog/BSDAA.aspx,https://admissions.umt.edu.pk/FeeStructure.aspx,31 August 2025
University of Management and Technology,Lahore,School of Commerce and Accountancy,BS E-Commerce,BS Ecom,Undergraduate Programs,Morning,4 Years,890000,HSSC / A-Levels or equivalent qualification,UMT Entry Test / SAT / NTS (as per policy),https://admissions.umt.edu.pk/prog/BS E-commerce.aspx,https://admissions.umt.edu.pk/FeeStructure.aspx,31 August 2025
University of Management and Technology,Lahore,School of Commerce and Accountancy,BS E-Commerce Post ADP (ITM),BS Ecom Post ADP,Post Associate Degree Programs,Morning,2 years,490000,As per UMT admission policy,UMT Entry Test / SAT / NTS (as per policy),https://admissions.umt.edu.pk/prog/BS Ecom-Post ADP.aspx,https://admissions.umt.edu.pk/FeeStructure.aspx,31 August 2025
University of Management and Technology,Lahore,School of Commerce and Accountancy,MS Accounting (Evening/Weekend),MS Acc,Graduate Programs,Evening/Weekend,2 Years,590000,16 years education from HEC recognized institution,UMT Entry Test / SAT / NTS (as per policy),https://admissions.umt.edu.pk/prog/MS-Act.aspx,https://admissions.umt.edu.pk/FeeStructure.aspx,31 August 2025
University of Management and Technology,Lahore,School of Design and Textiles,BS Fashion Design,BS FD,Undergraduate Programs,Morning,4 Years,1290000,HSSC / A-Levels or equivalent qualification,UMT Entry Test / SAT / NTS (as per policy),https://admissions.umt.edu.pk/prog/BFD.aspx,https://admissions.umt.edu.pk/FeeStructure.aspx,31 August 2025
University of Management and Technology,Lahore,School of Design and Textiles,BS Fine Arts,BS FA,Undergraduate Programs,Morning,4 years,1290000,HSSC / A-Levels or equivalent qualification,UMT Entry Test / SAT / NTS (as per policy),https://admissions.umt.edu.pk/prog/BS FA.aspx,https://admissions.umt.edu.pk/FeeStructure.aspx,31 August 2025
University of Management and Technology,Lahore,School of Design and Textiles,BS Interior Design,BS ID,Undergraduate Programs,Morning,4 Years,1290000,HSSC / A-Levels or equivalent qualification,UMT Entry Test / SAT / NTS (as per policy),https://admissions.umt.edu.pk/prog/BS ID.aspx,https://admissions.umt.edu.pk/FeeStructure.aspx,31 August 2025
University of Management and Technology,Lahore,School of Design and Textiles,BS Textile Design,BSTED,Undergraduate Programs,Morning,4 Years,1290000,HSSC / A-Levels or equivalent qualification,UMT Entry Test / SAT / NTS (as per policy),https://admissions.umt.edu.pk/prog/BS TD.aspx,https://admissions.umt.edu.pk/FeeStructure.aspx,31 August 2025
University of Management and Technology,Lahore,School of Design and Textiles,BS Textiles & Clothing,BS Tex.C,Undergraduate Programs,Morning,4 years,1290000,HSSC / A-Levels or equivalent qualification,UMT Entry Test / SAT / NTS (as per policy),https://admissions.umt.edu.pk/prog/BS-Ted.aspx,https://admissions.umt.edu.pk/FeeStructure.aspx,31 August 2025
University of Management and Technology,Lahore,School of Design and Textiles,BS Visual Communication Design,BS VCD,Undergraduate Programs,Morning,4 Years,1290000,HSSC / A-Levels or equivalent qualification,UMT Entry Test / SAT / NTS (as per policy),https://admissions.umt.edu.pk/prog/BS VCD.aspx,https://admissions.umt.edu.pk/FeeStructure.aspx,31 August 2025
University of Management and Technology,Lahore,School of Design and Textiles,MS Textiles,MS Tex,Graduate Programs,Evening,2 Years,590000,16 years education from HEC recognized institution,UMT Entry Test / SAT / NTS (as per policy),https://admissions.umt.edu.pk/prog/MS ATC.aspx,https://admissions.umt.edu.pk/FeeStructure.aspx,31 August 2025
University of Management and Technology,Lahore,School of Design and Textiles,PhD Textiles,PhD Tex,PhD Programs,Evening,3 Years,690000,MS / MPhil degree with research background,UMT Entry Test / SAT / NTS (as per policy),https://admissions.umt.edu.pk/prog/PhDTextile.aspx,https://admissions.umt.edu.pk/FeeStructure.aspx,31 August 2025
University of Management and Technology,Lahore,School of Engineering,BS Biomedical Engineering Technology,BS BET,Undergraduate Programs,Morning,4 Years,1290000,HSSC / A-Levels or equivalent qualification,UMT Entry Test / SAT / NTS (as per policy),https://admissions.umt.edu.pk/prog/BS BET.aspx,https://admissions.umt.edu.pk/FeeStructure.aspx,31 August 2025
University of Management and Technology,Lahore,School of Engineering,BS Civil Engineering,BS-CE,Undergraduate Programs,Morning,4 Years,2090000,HSSC / A-Levels or equivalent qualification,UMT Entry Test / SAT / NTS (as per policy),https://admissions.umt.edu.pk/prog/BS-CE.aspx,https://admissions.umt.edu.pk/FeeStructure.aspx,31 August 2025
University of Management and Technology,Lahore,School of Engineering,BS Computer Engineering Technology,BS CET,Undergraduate Programs,Morning,4 Years,890000,HSSC / A-Levels or equivalent qualification,UMT Entry Test / SAT / NTS (as per policy),https://admissions.umt.edu.pk/prog/BS CET.aspx,https://admissions.umt.edu.pk/FeeStructure.aspx,31 August 2025
University of Management and Technology,Lahore,School of Engineering,BS Computer Systems,BS ComS,Undergraduate Programs,Morning,4 years,1290000,HSSC / A-Levels or equivalent qualification,UMT Entry Test / SAT / NTS (as per policy),https://admissions.umt.edu.pk/prog/BS ComS.aspx,https://admissions.umt.edu.pk/FeeStructure.aspx,31 August 2025
University of Management and Technology,Lahore,School of Engineering,BS Construction Management,BS CM,Undergraduate Programs,Morning,4 years,990000,HSSC / A-Levels or equivalent qualification,UMT Entry Test / SAT / NTS (as per policy),https://admissions.umt.edu.pk/prog/BS CM.aspx,https://admissions.umt.edu.pk/FeeStructure.aspx,31 August 2025
University of Management and Technology,Lahore,School of Engineering,BS Electrical Engineering,BSEE,Undergraduate Programs,Morning,4 Years,1890000,HSSC / A-Levels or equivalent qualification,UMT Entry Test / SAT / NTS (as per policy),https://admissions.umt.edu.pk/prog/BSEE.aspx,https://admissions.umt.edu.pk/FeeStructure.aspx,31 August 2025
University of Management and Technology,Lahore,School of Engineering,BS Information Engineering Technology,BS ISET,Undergraduate Programs,Morning,4 years,890000,HSSC / A-Levels or equivalent qualification,UMT Entry Test / SAT / NTS (as per policy),https://admissions.umt.edu.pk/prog/BS ISET.aspx,https://admissions.umt.edu.pk/FeeStructure.aspx,31 August 2025
University of Management and Technology,Lahore,School of Engineering,BS Mechanical Engineering,BS ME,Undergraduate Programs,Morning,4 Years,2090000,HSSC / A-Levels or equivalent qualification,UMT Entry Test / SAT / NTS (as per policy),https://admissions.umt.edu.pk/prog/BSME.aspx,https://admissions.umt.edu.pk/FeeStructure.aspx,31 August 2025
University of Management and Technology,Lahore,School of Engineering,BS Robotics and Intelligent Systems,BSRIS,Undergraduate Programs,Morning,4 Years,1290000,HSSC / A-Levels or equivalent qualification,UMT Entry Test / SAT / NTS (as per policy),https://admissions.umt.edu.pk/prog/BSRIS.aspx,https://admissions.umt.edu.pk/FeeStructure.aspx,31 August 2025
University of Management and Technology,Lahore,School of Engineering,BS-Computer Engineering,BS CS.E,Undergraduate Programs,Morning,4 years,1390000,HSSC / A-Levels or equivalent qualification,UMT Entry Test / SAT / NTS (as per policy),https://admissions.umt.edu.pk/prog/BS CCE.aspx,https://admissions.umt.edu.pk/FeeStructure.aspx,31 August 2025
University of Management and Technology,Lahore,School of Engineering,MS Civil Engineering,MS CE,Graduate Programs,Weekend,2 Years,590000,16 years education from HEC recognized institution,UMT Entry Test / SAT / NTS (as per policy),https://admissions.umt.edu.pk/prog/MSCE.aspx,https://admissions.umt.edu.pk/FeeStructure.aspx,31 August 2025
University of Management and Technology,Lahore,School of Engineering,MS Electrical Engineering,MS EE,Graduate Programs,Weekend,2 Years,590000,16 years education from HEC recognized institution,UMT Entry Test / SAT / NTS (as per policy),https://admissions.umt.edu.pk/prog/MS-EE.aspx,https://admissions.umt.edu.pk/FeeStructure.aspx,31 August 2025
University of Management and Technology,Lahore,School of Engineering,MS Engineering Management,MS EM,Graduate Programs,Weekend,2 Years,590000,16 years education from HEC recognized institution,UMT Entry Test / SAT / NTS (as per policy),https://admissions.umt.edu.pk/prog/MS-EM.aspx,https://admissions.umt.edu.pk/FeeStructure.aspx,31 August 2025
University of Management and Technology,Lahore,School of Engineering,MS Mechanical Engineering,MS ME,Graduate Programs,Weekend,2 Years,590000,16 years education from HEC recognized institution,UMT Entry Test / SAT / NTS (as per policy),https://admissions.umt.edu.pk/prog/MS-ME.aspx,https://admissions.umt.edu.pk/FeeStructure.aspx,31 August 2025
University of Management and Technology,Lahore,School of Engineering,MS Robotics and Intelligent Systems,MS RIS,Graduate Programs,Weekend,2 Years,590000,16 years education from HEC recognized institution,UMT Entry Test / SAT / NTS (as per policy),https://admissions.umt.edu.pk/prog/MS RIS.aspx,https://admissions.umt.edu.pk/FeeStructure.aspx,31 August 2025
University of Management and Technology,Lahore,School of Engineering,PhD Civil Engineering,PhD CE,PhD Programs,Evening,3 Years,890000,MS / MPhil degree with research background,UMT Entry Test / SAT / NTS (as per policy),https://admissions.umt.edu.pk/prog/PhD CE.aspx,https://admissions.umt.edu.pk/FeeStructure.aspx,31 August 2025
University of Management and Technology,Lahore,School of Engineering,PhD Electrical Engineering,PhD EE,PhD Programs,Evening,3 Years,890000,MS / MPhil degree with research background,UMT Entry Test / SAT / NTS (as per policy),https://admissions.umt.edu.pk/prog/PhDEE.aspx,https://admissions.umt.edu.pk/FeeStructure.aspx,31 August 2025
University of Management and Technology,Lahore,School of Engineering,PhD Mechanical Engineering,PhD ME,PhD Programs,Evening,3 Years,890000,MS / MPhil degree with research background,UMT Entry Test / SAT / NTS (as per policy),https://admissions.umt.edu.pk/prog/PhD ME.aspx,https://admissions.umt.edu.pk/FeeStructure.aspx,31 August 2025
University of Management and Technology,Lahore,School of Food and Agricultural Sciences,ADP Agricultural Sciences,ADP AS,Associate Degree Program,Morning,2 years,290000,As per UMT admission policy,UMT Entry Test / SAT / NTS (as per policy),https://admissions.umt.edu.pk/prog/ADP AS.aspx,https://admissions.umt.edu.pk/FeeStructure.aspx,31 August 2025
University of Management and Technology,Lahore,School of Food and Agricultural Sciences,ADP Horticultural Sciences,ADP HS,Associate Degree Program,Morning,2 years,290000,As per UMT admission policy,UMT Entry Test / SAT / NTS (as per policy),https://admissions.umt.edu.pk/prog/ADP HS.aspx,https://admissions.umt.edu.pk/FeeStructure.aspx,31 August 2025
University of Management and Technology,Lahore,School of Food and Agricultural Sciences,Associate Degree Program in Food Science and Technology,ADP FST,Associate Degree Program,Morning,2 years,490000,As per UMT admission policy,UMT Entry Test / SAT / NTS (as per policy),https://admissions.umt.edu.pk/prog/ADP-FST.aspx,https://admissions.umt.edu.pk/FeeStructure.aspx,31 August 2025
University of Management and Technology,Lahore,School of Food and Agricultural Sciences,BS Agricultural Sciences,BS AS,Undergraduate Programs,Morning,4 years,690000,HSSC / A-Levels or equivalent qualification,UMT Entry Test / SAT / NTS (as per policy),https://admissions.umt.edu.pk/prog/BS AS.aspx,https://admissions.umt.edu.pk/FeeStructure.aspx,31 August 2025
University of Management and Technology,Lahore,School of Food and Agricultural Sciences,BS Food Safety and Quality Management,BS FSQM,Undergraduate Programs,Morning,4 Years,690000,HSSC / A-Levels or equivalent qualification,UMT Entry Test / SAT / NTS (as per policy),https://admissions.umt.edu.pk/prog/BS-FSM.aspx,https://admissions.umt.edu.pk/FeeStructure.aspx,31 August 2025
University of Management and Technology,Lahore,School of Food and Agricultural Sciences,BS Food Science and Technology,BS FST,Undergraduate Programs,Morning,4 Years,990000,HSSC / A-Levels or equivalent qualification,UMT Entry Test / SAT / NTS (as per policy),https://admissions.umt.edu.pk/prog/BS FST.aspx,https://admissions.umt.edu.pk/FeeStructure.aspx,31 August 2025
University of Management and Technology,Lahore,School of Food and Agricultural Sciences,BS Food Science and Technology Post ADP/BSc,BS FST - Post ADP/BSc,Post Associate Degree Programs,Morning,2 years,583863,As per UMT admission policy,UMT Entry Test / SAT / NTS (as per policy),https://admissions.umt.edu.pk/prog/BS FT - Post.aspx,https://admissions.umt.edu.pk/FeeStructure.aspx,31 August 2025
University of Management and Technology,Lahore,School of Food and Agricultural Sciences,BS Horticultural Sciences,BS HS,Undergraduate Programs,Morning,4 years,550000,HSSC / A-Levels or equivalent qualification,UMT Entry Test / SAT / NTS (as per policy),https://admissions.umt.edu.pk/prog/BS HS.aspx,https://admissions.umt.edu.pk/FeeStructure.aspx,31 August 2025
University of Management and Technology,Lahore,School of Food and Agricultural Sciences,BS Human Nutrition and Dietetics,BS HND,Undergraduate Programs,Morning,4 Years,1390000,HSSC / A-Levels or equivalent qualification,UMT Entry Test / SAT / NTS (as per policy),https://admissions.umt.edu.pk/prog/BS-HND.aspx,https://admissions.umt.edu.pk/FeeStructure.aspx,31 August 2025
University of Management and Technology,Lahore,School of Food and Agricultural Sciences,BS Public Health Nutrition,BS PHN,Undergraduate Programs,Morning,4 years,900000,HSSC / A-Levels or equivalent qualification,UMT Entry Test / SAT / NTS (as per policy),https://admissions.umt.edu.pk/prog/BS PHN.aspx,https://admissions.umt.edu.pk/FeeStructure.aspx,31 August 2025
University of Management and Technology,Lahore,School of Food and Agricultural Sciences,MS Advanced Food System,MS AFD,Graduate Programs,Evening,2 Years,490000,16 years education from HEC recognized institution,UMT Entry Test / SAT / NTS (as per policy),https://admissions.umt.edu.pk/prog/MS AFD.aspx,https://admissions.umt.edu.pk/FeeStructure.aspx,31 August 2025
University of Management and Technology,Lahore,School of Food and Agricultural Sciences,MS Dietetics Practice,MS DP,Graduate Programs,Evening,2 Years,590000,16 years education from HEC recognized institution,UMT Entry Test / SAT / NTS (as per policy),https://admissions.umt.edu.pk/prog/MS DP.aspx,https://admissions.umt.edu.pk/FeeStructure.aspx,31 August 2025
University of Management and Technology,Lahore,School of Food and Agricultural Sciences,MS Food Quality Management,MS FQM,Graduate Programs,Evening,2 Years,590000,16 years education from HEC recognized institution,UMT Entry Test / SAT / NTS (as per policy),https://admissions.umt.edu.pk/prog/MS-FQM.aspx,https://admissions.umt.edu.pk/FeeStructure.aspx,31 August 2025
University of Management and Technology,Lahore,School of Food and Agricultural Sciences,MS Food Technology,MS FT,Graduate Programs,Evening,2 years,590000,16 years education from HEC recognized institution,UMT Entry Test / SAT / NTS (as per policy),https://admissions.umt.edu.pk/prog/MS-FT.aspx,https://admissions.umt.edu.pk/FeeStructure.aspx,31 August 2025
University of Management and Technology,Lahore,School of Food and Agricultural Sciences,MS Human Nutrition and Dietetics,MS HN&D,Graduate Programs,Evening,2 Years,590000,16 years education from HEC recognized institution,UMT Entry Test / SAT / NTS (as per policy),https://admissions.umt.edu.pk/prog/MSHND.aspx,https://admissions.umt.edu.pk/FeeStructure.aspx,31 August 2025
University of Management and Technology,Lahore,School of Food and Agricultural Sciences,PhD Food Technology,PhD FT,PhD Programs,Evening,3 Years,790000,MS / MPhil degree with research background,UMT Entry Test / SAT / NTS (as per policy),https://admissions.umt.edu.pk/prog/PhD-FT.aspx,https://admissions.umt.edu.pk/FeeStructure.aspx,31 August 2025
University of Management and Technology,Lahore,School of Food and Agricultural Sciences,PhD Human Nutrition and Dietetics,PhD HND,PhD Programs,Evening,3 years,790000,MS / MPhil degree with research background,UMT Entry Test / SAT / NTS (as per policy),https://admissions.umt.edu.pk/prog/PhD HND.aspx,https://admissions.umt.edu.pk/FeeStructure.aspx,31 August 2025
University of Management and Technology,Lahore,School of Governance and Society,Associate Degree Program in Public Administration,ADP PA,Associate Degree Program,Morning,2 years,490000,As per UMT admission policy,UMT Entry Test / SAT / NTS (as per policy),https://admissions.umt.edu.pk/prog/ADP - PA.aspx,https://admissions.umt.edu.pk/FeeStructure.aspx,31 August 2025
University of Management and Technology,Lahore,School of Governance and Society,BS Digital Governance,BS DG,Undergraduate Programs,Morning,4 years,990000,HSSC / A-Levels or equivalent qualification,UMT Entry Test / SAT / NTS (as per policy),https://admissions.umt.edu.pk/prog/BS DG.aspx,https://admissions.umt.edu.pk/FeeStructure.aspx,31 August 2025
University of Management and Technology,Lahore,School of Governance and Society,BS Public Administration,BS PA,Undergraduate Programs,Morning,4 Years,990000,HSSC / A-Levels or equivalent qualification,UMT Entry Test / SAT / NTS (as per policy),https://admissions.umt.edu.pk/prog/BS-Public-administration.aspx,https://admissions.umt.edu.pk/FeeStructure.aspx,31 August 2025
University of Management and Technology,Lahore,School of Governance and Society,BS Public Administration - Post ADP/BSc/BA,BS PA-Post ADP/BA/BSc,Post Associate Degree Programs,Morning,2 years,497715,As per UMT admission policy,UMT Entry Test / SAT / NTS (as per policy),https://admissions.umt.edu.pk/prog/BSPA-PostADP.aspx,https://admissions.umt.edu.pk/FeeStructure.aspx,31 August 2025
University of Management and Technology,Lahore,School of Governance and Society,BS Public Administration and Civil Services Studies,BS PA&CSS,Undergraduate Programs,Morning,4 years,990000,HSSC / A-Levels or equivalent qualification,UMT Entry Test / SAT / NTS (as per policy),https://admissions.umt.edu.pk/prog/BS-PA-CSS.aspx,https://admissions.umt.edu.pk/FeeStructure.aspx,31 August 2025
University of Management and Technology,Lahore,School of Governance and Society,BS Public Policy and Management,BS PPM,Undergraduate Programs,Morning,4 years,990000,HSSC / A-Levels or equivalent qualification,UMT Entry Test / SAT / NTS (as per policy),https://admissions.umt.edu.pk/prog/BS PPM.aspx,https://admissions.umt.edu.pk/FeeStructure.aspx,31 August 2025
University of Management and Technology,Lahore,School of Governance and Society,MS Public Policy,MS PP,Graduate Programs,Weekend,2 Years,490000,16 years education from HEC recognized institution,UMT Entry Test / SAT / NTS (as per policy),https://admissions.umt.edu.pk/prog/MS-PP.aspx,https://admissions.umt.edu.pk/FeeStructure.aspx,31 August 2025
University of Management and Technology,Lahore,School of Governance and Society,MS Public Policy and Technology,MS PPT,Graduate Programs,Weekend,2 Years,490000,16 years education from HEC recognized institution,UMT Entry Test / SAT / NTS (as per policy),https://admissions.umt.edu.pk/prog/MS-PPT.aspx,https://admissions.umt.edu.pk/FeeStructure.aspx,31 August 2025
University of Management and Technology,Lahore,School of Governance and Society,MS Public Policy For Regular Govt Employees,MS PP(GE),Graduate Programs,Weekend,2 Years,390000,16 years education from HEC recognized institution,UMT Entry Test / SAT / NTS (as per policy),https://admissions.umt.edu.pk/prog/MS-PP-GE.aspx,https://admissions.umt.edu.pk/FeeStructure.aspx,31 August 2025
University of Management and Technology,Lahore,School of Health Sciences,ADP Medical Laboratory Sciences,ADP MLS,Associate Degree Program,Morning,2 years,390000,As per UMT admission policy,UMT Entry Test / SAT / NTS (as per policy),https://admissions.umt.edu.pk/prog/ADP MLS.aspx,https://admissions.umt.edu.pk/FeeStructure.aspx,31 August 2025
University of Management and Technology,Lahore,School of Health Sciences,ADP Radiography And Imaging Technology,ADP RIT,Associate Degree Program,Morning,2 years,390000,As per UMT admission policy,UMT Entry Test / SAT / NTS (as per policy),https://admissions.umt.edu.pk/prog/ADP RIT.aspx,https://admissions.umt.edu.pk/FeeStructure.aspx,31 August 2025
University of Management and Technology,Lahore,School of Health Sciences,ADP Ultrasound Technology,ADP UT,Associate Degree Program,Morning,2 years,390000,As per UMT admission policy,UMT Entry Test / SAT / NTS (as per policy),https://admissions.umt.edu.pk/prog/ADP UT.aspx,https://admissions.umt.edu.pk/FeeStructure.aspx,31 August 2025
University of Management and Technology,Lahore,School of Health Sciences,BS Aesthetic and Skin Care Technology,BS AST,Undergraduate Programs,Morning,4 years,790000,HSSC / A-Levels or equivalent qualification,UMT Entry Test / SAT / NTS (as per policy),https://admissions.umt.edu.pk/prog/BS AST.aspx,https://admissions.umt.edu.pk/FeeStructure.aspx,31 August 2025
University of Management and Technology,Lahore,School of Health Sciences,BS Anesthesia Technology,BS AT,Undergraduate Programs,Morning,4 Years,790000,HSSC / A-Levels or equivalent qualification,UMT Entry Test / SAT / NTS (as per policy),https://admissions.umt.edu.pk/prog/BS AT.aspx,https://admissions.umt.edu.pk/FeeStructure.aspx,31 August 2025
University of Management and Technology,Lahore,School of Health Sciences,BS Dental Hygiene,BS DH,Undergraduate Programs,Morning,4 Years,790000,HSSC / A-Levels or equivalent qualification,UMT Entry Test / SAT / NTS (as per policy),https://admissions.umt.edu.pk/prog/BS DH.aspx,https://admissions.umt.edu.pk/FeeStructure.aspx,31 August 2025
University of Management and Technology,Lahore,School of Health Sciences,BS Dental Technology,BS DT,Undergraduate Programs,Morning,4 Years,790000,HSSC / A-Levels or equivalent qualification,UMT Entry Test / SAT / NTS (as per policy),https://admissions.umt.edu.pk/prog/BS DT.aspx,https://admissions.umt.edu.pk/FeeStructure.aspx,31 August 2025
University of Management and Technology,Lahore,School of Health Sciences,BS Human Nutrition and Dietetics (AHPC Recognized),BS NS,Undergraduate Programs,Morning,4 years,1290000,HSSC / A-Levels or equivalent qualification,UMT Entry Test / SAT / NTS (as per policy),https://admissions.umt.edu.pk/prog/BS NS.aspx,https://admissions.umt.edu.pk/FeeStructure.aspx,31 August 2025
University of Management and Technology,Lahore,School of Health Sciences,BS Medical Imaging and Ultrasonography,BS MIU,Undergraduate Programs,Morning,4 years,1390000,HSSC / A-Levels or equivalent qualification,UMT Entry Test / SAT / NTS (as per policy),https://admissions.umt.edu.pk/prog/BS-MIUSG.aspx,https://admissions.umt.edu.pk/FeeStructure.aspx,31 August 2025
University of Management and Technology,Lahore,School of Health Sciences,BS Medical Laboratory Technology,BS MLS,Undergraduate Programs,Morning,4 Years,1090000,HSSC / A-Levels or equivalent qualification,UMT Entry Test / SAT / NTS (as per policy),https://admissions.umt.edu.pk/prog/BS-MLS.aspx,https://admissions.umt.edu.pk/FeeStructure.aspx,31 August 2025
University of Management and Technology,Lahore,School of Health Sciences,BS Operation Theatre Technology,BS OTT,Undergraduate Programs,Morning,4 Years,790000,HSSC / A-Levels or equivalent qualification,UMT Entry Test / SAT / NTS (as per policy),https://admissions.umt.edu.pk/prog/BS OTT.aspx,https://admissions.umt.edu.pk/FeeStructure.aspx,31 August 2025
University of Management and Technology,Lahore,School of Health Sciences,BS Optometry and Vision Sciences,BS OVS,Undergraduate Programs,Morning,4 years,1190000,HSSC / A-Levels or equivalent qualification,UMT Entry Test / SAT / NTS (as per policy),https://admissions.umt.edu.pk/prog/BS OVS.aspx,https://admissions.umt.edu.pk/FeeStructure.aspx,31 August 2025
University of Management and Technology,Lahore,School of Health Sciences,BS Speech Language Pathology,BS SLP,Undergraduate Programs,Morning,4 years,790000,HSSC / A-Levels or equivalent qualification,UMT Entry Test / SAT / NTS (as per policy),https://admissions.umt.edu.pk/prog/BS SLP.aspx,https://admissions.umt.edu.pk/FeeStructure.aspx,31 August 2025
University of Management and Technology,Lahore,School of Health Sciences,Doctor of Physical Therapy,DPT,Undergraduate Programs,Morning,5 years,1890000,HSSC / A-Levels or equivalent qualification,UMT Entry Test / SAT / NTS (as per policy),https://admissions.umt.edu.pk/prog/DPT.aspx,https://admissions.umt.edu.pk/FeeStructure.aspx,31 August 2025
University of Management and Technology,Lahore,School of Health Sciences,MS Medical Laboratory Sciences (MS MLS),MS MLS,Graduate Programs,Weekend,2 years,490000,16 years education from HEC recognized institution,UMT Entry Test / SAT / NTS (as per policy),https://admissions.umt.edu.pk/prog/MS MLS.aspx,https://admissions.umt.edu.pk/FeeStructure.aspx,31 August 2025
University of Management and Technology,Lahore,School of Health Sciences,MS Nutrition Science,MS NS,Graduate Programs,Weekend,2 years,490000,16 years education from HEC recognized institution,UMT Entry Test / SAT / NTS (as per policy),https://admissions.umt.edu.pk/prog/MS NS.aspx,https://admissions.umt.edu.pk/FeeStructure.aspx,31 August 2025
University of Management and Technology,Lahore,School of Health Sciences,MS Physical Therapy,MS PT,Graduate Programs,Weekend,2 years,490000,16 years education from HEC recognized institution,UMT Entry Test / SAT / NTS (as per policy),https://admissions.umt.edu.pk/prog/MS PT.aspx,https://admissions.umt.edu.pk/FeeStructure.aspx,31 August 2025
University of Management and Technology,Lahore,School of Health Sciences,PGD in Dietetics,PGD,One Year Degree Programs,Morning,1 Year,120000,As per UMT admission policy,UMT Entry Test / SAT / NTS (as per policy),https://admissions.umt.edu.pk/prog/PGD DT.aspx,https://admissions.umt.edu.pk/FeeStructure.aspx,31 August 2025
University of Management and Technology,Lahore,School of Health Sciences,Sports Nutrition Certification,SNC,Professional Programs,Morning,6 weeks,40000,As per UMT admission policy,UMT Entry Test / SAT / NTS (as per policy),https://admissions.umt.edu.pk/prog/SNC.aspx,https://admissions.umt.edu.pk/FeeStructure.aspx,31 August 2025
University of Management and Technology,Lahore,School of Law and Policy,LLB,LLB,Undergraduate Programs,Morning,4 Years,2650000,HSSC / A-Levels or equivalent qualification,UMT Entry Test / SAT / NTS (as per policy),https://admissions.umt.edu.pk/prog/LL.B..aspx,https://admissions.umt.edu.pk/FeeStructure.aspx,31 August 2025
University of Management and Technology,Lahore,School of Law and Policy,LLM Commercial Law,LLM,Graduate Programs,Evening,2 Years,890000,16 years education from HEC recognized institution,UMT Entry Test / SAT / NTS (as per policy),https://admissions.umt.edu.pk/prog/LLMCL.aspx,https://admissions.umt.edu.pk/FeeStructure.aspx,31 August 2025
University of Management and Technology,Lahore,School of Liberal Arts,BS Computational Linguistics,BS CL,Undergraduate Programs,Morning,4 Years,1190000,HSSC / A-Levels or equivalent qualification,UMT Entry Test / SAT / NTS (as per policy),https://admissions.umt.edu.pk/prog/BS CL.aspx,https://admissions.umt.edu.pk/FeeStructure.aspx,31 August 2025
University of Management and Technology,Lahore,School of Liberal Arts,BS English,BS EL,Undergraduate Programs,Morning,4 Years,1090000,HSSC / A-Levels or equivalent qualification,UMT Entry Test / SAT / NTS (as per policy),https://admissions.umt.edu.pk/prog/BSEL.aspx,https://admissions.umt.edu.pk/FeeStructure.aspx,31 August 2025
University of Management and Technology,Lahore,School of Liberal Arts,BS English Post ADP,BS EL - Post ADP,Post Associate Degree Programs,Morning,2 years,536794,As per UMT admission policy,UMT Entry Test / SAT / NTS (as per policy),https://admissions.umt.edu.pk/prog/BS EL -Post ADP.aspx,https://admissions.umt.edu.pk/FeeStructure.aspx,31 August 2025
University of Management and Technology,Lahore,School of Liberal Arts,BS Liberal Arts,BS LA,Undergraduate Programs,Morning,4 Years,1090000,HSSC / A-Levels or equivalent qualification,UMT Entry Test / SAT / NTS (as per policy),https://admissions.umt.edu.pk/prog/BSLA.aspx,https://admissions.umt.edu.pk/FeeStructure.aspx,31 August 2025
University of Management and Technology,Lahore,School of Liberal Arts,MPhil English Linguistics (Weekend),MPhil AL,Graduate Programs,Weekend,2 Years,590000,16 years education from HEC recognized institution,UMT Entry Test / SAT / NTS (as per policy),https://admissions.umt.edu.pk/prog/MPhil(AL).aspx,https://admissions.umt.edu.pk/FeeStructure.aspx,31 August 2025
University of Management and Technology,Lahore,School of Liberal Arts,MPhil English Literature(Evening/Weekend),MPhil EL,Graduate Programs,Evening/Weekend,2-YEAR,790000,16 years education from HEC recognized institution,UMT Entry Test / SAT / NTS (as per policy),https://admissions.umt.edu.pk/prog/MPhilEL.aspx,https://admissions.umt.edu.pk/FeeStructure.aspx,31 August 2025
University of Management and Technology,Lahore,School of Liberal Arts,PGD in Creative Writing,PGD,One Year Degree Programs,Hybrid,1 Year,345000,As per UMT admission policy,UMT Entry Test / SAT / NTS (as per policy),https://admissions.umt.edu.pk/prog/PGD CW.aspx,https://admissions.umt.edu.pk/FeeStructure.aspx,31 August 2025
University of Management and Technology,Lahore,School of Liberal Arts,PhD English Linguistics,PhD ELL,PhD Programs,Morning/Evening,3 Years,690000,MS / MPhil degree with research background,UMT Entry Test / SAT / NTS (as per policy),https://admissions.umt.edu.pk/prog/PhD-ELL.aspx,https://admissions.umt.edu.pk/FeeStructure.aspx,31 August 2025
University of Management and Technology,Lahore,School of Media and Communication Studies,BS Immersive Media and Digital Communication,BS DTIM,Undergraduate Programs,Morning,4 Years,1390000,HSSC / A-Levels or equivalent qualification,UMT Entry Test / SAT / NTS (as per policy),https://admissions.umt.edu.pk/prog/BS-DTIM.aspx,https://admissions.umt.edu.pk/FeeStructure.aspx,31 August 2025
University of Management and Technology,Lahore,School of Media and Communication Studies,BS Media and Communication,BS MC,Undergraduate Programs,Morning,4 Years,1390000,HSSC / A-Levels or equivalent qualification,UMT Entry Test / SAT / NTS (as per policy),https://admissions.umt.edu.pk/prog/BS-MC.aspx,https://admissions.umt.edu.pk/FeeStructure.aspx,31 August 2025
University of Management and Technology,Lahore,School of Media and Communication Studies,BS Media and Communication - Post ADP/BA/BSC/B.Com,BS MC POST ADP/BA/BSC,Post Associate Degree Programs,Morning,2 Years,786327,As per UMT admission policy,UMT Entry Test / SAT / NTS (as per policy),https://admissions.umt.edu.pk/prog/BS MC-POSTADP.aspx,https://admissions.umt.edu.pk/FeeStructure.aspx,31 August 2025
University of Management and Technology,Lahore,School of Media and Communication Studies,BS Media Management and Technology,BS MMT,Undergraduate Programs,Morning,4 years,1090000,HSSC / A-Levels or equivalent qualification,UMT Entry Test / SAT / NTS (as per policy),https://admissions.umt.edu.pk/prog/BS MMT.aspx,https://admissions.umt.edu.pk/FeeStructure.aspx,31 August 2025
University of Management and Technology,Lahore,School of Media and Communication Studies,MPhil Media and Communication,MPhil MC,Graduate Programs,Afternoon,2 Years,590000,16 years education from HEC recognized institution,UMT Entry Test / SAT / NTS (as per policy),https://admissions.umt.edu.pk/prog/MSMC.aspx,https://admissions.umt.edu.pk/FeeStructure.aspx,31 August 2025
University of Management and Technology,Lahore,School of Pharmacy,Doctor of Pharmacy,D-Pharm,Undergraduate Programs,Morning,5 Years,2690000,HSSC / A-Levels or equivalent qualification,UMT Entry Test / SAT / NTS (as per policy),https://admissions.umt.edu.pk/prog/Pharma-D.aspx,https://admissions.umt.edu.pk/FeeStructure.aspx,31 August 2025
University of Management and Technology,Lahore,School of Pharmacy,MPhill Pharmacology,MPhil Pharma,Graduate Programs,Evening,2 years,590000,16 years education from HEC recognized institution,UMT Entry Test / SAT / NTS (as per policy),https://admissions.umt.edu.pk/prog/MPhil.Pharma.aspx,https://admissions.umt.edu.pk/FeeStructure.aspx,31 August 2025
University of Management and Technology,Lahore,School of Professional Advancement,Bachelor of Professional Studies,BPS,Undergraduate Programs,Morning/Evening,4 Years,1090000,HSSC / A-Levels or equivalent qualification,UMT Entry Test / SAT / NTS (as per policy),https://admissions.umt.edu.pk/prog/BS(PS).aspx,https://admissions.umt.edu.pk/FeeStructure.aspx,31 August 2025
University of Management and Technology,Lahore,School of Professional Advancement,Bachelor of Professional Studies (BPS) - Post ADP/BSc/BA,BPS-POST ADP/BSc/BA,Post Associate Degree Programs,Morning,2 years,616494,As per UMT admission policy,UMT Entry Test / SAT / NTS (as per policy),https://admissions.umt.edu.pk/prog/BPS-POSTADP.aspx,https://admissions.umt.edu.pk/FeeStructure.aspx,31 August 2025
University of Management and Technology,Lahore,School of Professional Advancement,BS Sports Management,BS SM,Undergraduate Programs,Morning,4 Years,990000,HSSC / A-Levels or equivalent qualification,UMT Entry Test / SAT / NTS (as per policy),https://admissions.umt.edu.pk/prog/BS(SM).aspx,https://admissions.umt.edu.pk/FeeStructure.aspx,31 August 2025
University of Management and Technology,Lahore,School of Professional Advancement,MS Project Management (Evening),MS PM,Graduate Programs,Evening,1.5 Years,590000,16 years education from HEC recognized institution,UMT Entry Test / SAT / NTS (as per policy),https://admissions.umt.edu.pk/prog/MS-PM.aspx,https://admissions.umt.edu.pk/FeeStructure.aspx,31 August 2025
University of Management and Technology,Lahore,School of Professional Advancement,MS Project Management (Weekend),MS PM(W),Graduate Programs,Weekend,1.5 Years,690000,16 years education from HEC recognized institution,UMT Entry Test / SAT / NTS (as per policy),https://admissions.umt.edu.pk/prog/MS-PM(W).aspx,https://admissions.umt.edu.pk/FeeStructure.aspx,31 August 2025
University of Management and Technology,Lahore,School of Professional Psychology,BS Psychology,BS Psy,Undergraduate Programs,Morning,4 Years,1190000,HSSC / A-Levels or equivalent qualification,UMT Entry Test / SAT / NTS (as per policy),https://admissions.umt.edu.pk/prog/BS Psy.aspx,https://admissions.umt.edu.pk/FeeStructure.aspx,31 August 2025
University of Management and Technology,Lahore,School of Professional Psychology,BS Psychology - Post ADP/BA/BSc,BS Psy-Post ADP/BA/BSc,Post Associate Degree Programs,Morning,2 years,653440,As per UMT admission policy,UMT Entry Test / SAT / NTS (as per policy),https://admissions.umt.edu.pk/prog/BS-Psy-Post-ADP.aspx,https://admissions.umt.edu.pk/FeeStructure.aspx,31 August 2025
University of Management and Technology,Lahore,School of Professional Psychology,MPhil Psychology,Mphil Psy,Graduate Programs,Afternoon,2 Years,590000,16 years education from HEC recognized institution,UMT Entry Test / SAT / NTS (as per policy),https://admissions.umt.edu.pk/prog/MPhilPsychology.aspx,https://admissions.umt.edu.pk/FeeStructure.aspx,31 August 2025
University of Management and Technology,Lahore,School of Professional Psychology,MS Clinical Psychology,MS C.Psy,Graduate Programs,Morning,2 Years,1090000,16 years education from HEC recognized institution,UMT Entry Test / SAT / NTS (as per policy),https://admissions.umt.edu.pk/prog/MS CPsy.aspx,https://admissions.umt.edu.pk/FeeStructure.aspx,31 August 2025
University of Management and Technology,Lahore,School of Professional Psychology,MS Counselling Psychology,MS CPsy,Graduate Programs,Morning,2 Years,690000,16 years education from HEC recognized institution,UMT Entry Test / SAT / NTS (as per policy),https://admissions.umt.edu.pk/prog/MS-CP.aspx,https://admissions.umt.edu.pk/FeeStructure.aspx,31 August 2025
University of Management and Technology,Lahore,School of Professional Psychology,MS Industrial and Organizational Psychology,MS IOP,Graduate Programs,Morning/Afternoon,2 years,490000,16 years education from HEC recognized institution,UMT Entry Test / SAT / NTS (as per policy),https://admissions.umt.edu.pk/prog/MS IOP.aspx,https://admissions.umt.edu.pk/FeeStructure.aspx,31 August 2025
University of Management and Technology,Lahore,School of Professional Psychology,PhD Clinical Psychology,PhD CPsy,PhD Programs,Afternoon,3 Years,1090000,MS / MPhil degree with research background,UMT Entry Test / SAT / NTS (as per policy),https://admissions.umt.edu.pk/prog/PhD-CP.aspx,https://admissions.umt.edu.pk/FeeStructure.aspx,31 August 2025
University of Management and Technology,Lahore,School of Professional Psychology,PhD Psychology,PhD Psy,PhD Programs,Morning/Afternoon,3 Years,690000,MS / MPhil degree with research background,UMT Entry Test / SAT / NTS (as per policy),https://admissions.umt.edu.pk/prog/PhD Psy.aspx,https://admissions.umt.edu.pk/FeeStructure.aspx,31 August 2025
University of Management and Technology,Lahore,School of Science,BS Biochemistry,BS BC,Undergraduate Programs,Morning,4 Years,1090000,HSSC / A-Levels or equivalent qualification,UMT Entry Test / SAT / NTS (as per policy),https://admissions.umt.edu.pk/prog/BS-BC.aspx,https://admissions.umt.edu.pk/FeeStructure.aspx,31 August 2025
University of Management and Technology,Lahore,School of Science,BS Biochemistry Post ADP/BSc,BS BC-Post ADP/BSc,Post Associate Degree Programs,Morning,2 years,624672,As per UMT admission policy,UMT Entry Test / SAT / NTS (as per policy),https://admissions.umt.edu.pk/prog/BS BC-Post.aspx,https://admissions.umt.edu.pk/FeeStructure.aspx,31 August 2025
University of Management and Technology,Lahore,School of Science,BS Biotechnology,BS BT,Undergraduate Programs,Morning,4 Years,1090000,HSSC / A-Levels or equivalent qualification,UMT Entry Test / SAT / NTS (as per policy),https://admissions.umt.edu.pk/prog/BS-BT.aspx,https://admissions.umt.edu.pk/FeeStructure.aspx,31 August 2025
University of Management and Technology,Lahore,School of Science,BS Biotechnology Post ADP/BSc,BS BT-Post ADP/BSc,Post Associate Degree Programs,Morning,2 years,642235,As per UMT admission policy,UMT Entry Test / SAT / NTS (as per policy),https://admissions.umt.edu.pk/prog/BS BT- Post.aspx,https://admissions.umt.edu.pk/FeeStructure.aspx,31 August 2025
University of Management and Technology,Lahore,School of Science,BS Chemistry,BS Ch,Undergraduate Programs,Morning,4 Years,1090000,HSSC / A-Levels or equivalent qualification,UMT Entry Test / SAT / NTS (as per policy),https://admissions.umt.edu.pk/prog/BS-Chem.aspx,https://admissions.umt.edu.pk/FeeStructure.aspx,31 August 2025
University of Management and Technology,Lahore,School of Science,BS Chemistry Post ADP/BSc,BS Ch-Post ADP/BSc,Post Associate Degree Programs,Morning,2 years,604607,As per UMT admission policy,UMT Entry Test / SAT / NTS (as per policy),https://admissions.umt.edu.pk/prog/BS Chem-Post.aspx,https://admissions.umt.edu.pk/FeeStructure.aspx,31 August 2025
University of Management and Technology,Lahore,School of Science,BS Mathematics (Artificial Intelligence and Data Sciences),BS Maths,Undergraduate Programs,Morning,4 Years,1090000,HSSC / A-Levels or equivalent qualification,UMT Entry Test / SAT / NTS (as per policy),https://admissions.umt.edu.pk/prog/BS-Maths.aspx,https://admissions.umt.edu.pk/FeeStructure.aspx,31 August 2025
University of Management and Technology,Lahore,School of Science,BS Mathematics Post ADP/BSc,BS MA-Post ADP/BSc,Post Associate Degree Programs,Morning,2 years,612455,As per UMT admission policy,UMT Entry Test / SAT / NTS (as per policy),https://admissions.umt.edu.pk/prog/BS MAth - Post.aspx,https://admissions.umt.edu.pk/FeeStructure.aspx,31 August 2025
University of Management and Technology,Lahore,School of Science,BS Microbiology,BS MB,Undergraduate Programs,Morning,4 years,1090000,HSSC / A-Levels or equivalent qualification,UMT Entry Test / SAT / NTS (as per policy),https://admissions.umt.edu.pk/prog/BS-MB.aspx,https://admissions.umt.edu.pk/FeeStructure.aspx,31 August 2025
University of Management and Technology,Lahore,School of Science,BS Microbiology Post ADP/BSc,BS MB-Post ADP/BSc,Post Associate Degree Programs,Morning,2 years,620073,As per UMT admission policy,UMT Entry Test / SAT / NTS (as per policy),https://admissions.umt.edu.pk/prog/BS MB - Post.aspx,https://admissions.umt.edu.pk/FeeStructure.aspx,31 August 2025
University of Management and Technology,Lahore,School of Science,"BS Physics (Artificial Intelligence, Data Sciences, Industrial Electronics)",BS Phy,Undergraduate Programs,Morning,4 Years,1090000,HSSC / A-Levels or equivalent qualification,UMT Entry Test / SAT / NTS (as per policy),https://admissions.umt.edu.pk/prog/BS-Physics.aspx,https://admissions.umt.edu.pk/FeeStructure.aspx,31 August 2025
University of Management and Technology,Lahore,School of Science,BS Physics Post ADP/BSc,BS Phy-Post ADP/BSc,Post Associate Degree Programs,Morning,2 years,651087,As per UMT admission policy,UMT Entry Test / SAT / NTS (as per policy),https://admissions.umt.edu.pk/prog/BS Phy-Post.aspx,https://admissions.umt.edu.pk/FeeStructure.aspx,31 August 2025
University of Management and Technology,Lahore,School of Science,MS Biochemistry (Regular /Weekend),MS BC,Graduate Programs,Evening/Weekend,2 Years,690000,16 years education from HEC recognized institution,UMT Entry Test / SAT / NTS (as per policy),https://admissions.umt.edu.pk/prog/MSBio.aspx,https://admissions.umt.edu.pk/FeeStructure.aspx,31 August 2025
University of Management and Technology,Lahore,School of Science,MS Biotechnology (Regular/Weekend),MS BT,Graduate Programs,Evening/Weekend,2 Years,690000,16 years education from HEC recognized institution,UMT Entry Test / SAT / NTS (as per policy),https://admissions.umt.edu.pk/prog/MSBioT.aspx,https://admissions.umt.edu.pk/FeeStructure.aspx,31 August 2025
University of Management and Technology,Lahore,School of Science,MS Chemistry (Regular/Weekend),MS Chem,Graduate Programs,Evening/Weekend,2 Years,590000,16 years education from HEC recognized institution,UMT Entry Test / SAT / NTS (as per policy),https://admissions.umt.edu.pk/prog/MSChem.aspx,https://admissions.umt.edu.pk/FeeStructure.aspx,31 August 2025
University of Management and Technology,Lahore,School of Science,MS Mathematics (Regular /Weekend),MS MA,Graduate Programs,Evening/Weekend,2 Years,490000,16 years education from HEC recognized institution,UMT Entry Test / SAT / NTS (as per policy),https://admissions.umt.edu.pk/prog/MSMAths.aspx,https://admissions.umt.edu.pk/FeeStructure.aspx,31 August 2025
University of Management and Technology,Lahore,School of Science,MS Physics (Regular /Weekend),MS Phy,Graduate Programs,Evening/Weekend,2 Years,490000,16 years education from HEC recognized institution,UMT Entry Test / SAT / NTS (as per policy),https://admissions.umt.edu.pk/prog/MSPhy.aspx,https://admissions.umt.edu.pk/FeeStructure.aspx,31 August 2025
University of Management and Technology,Lahore,School of Science,Phd Biosciences,Phd BioSci,PhD Programs,Evening,3 Years,690000,MS / MPhil degree with research background,UMT Entry Test / SAT / NTS (as per policy),https://admissions.umt.edu.pk/prog/Phd Biosciences.aspx,https://admissions.umt.edu.pk/FeeStructure.aspx,31 August 2025
University of Management and Technology,Lahore,School of Science,PhD Chemistry,PhD Ch,PhD Programs,Evening,3 Years,790000,MS / MPhil degree with research background,UMT Entry Test / SAT / NTS (as per policy),https://admissions.umt.edu.pk/prog/PhDChem.aspx,https://admissions.umt.edu.pk/FeeStructure.aspx,31 August 2025
University of Management and Technology,Lahore,School of Science,PhD Mathematics,PhD MA,PhD Programs,Evening,3 Years,690000,MS / MPhil degree with research background,UMT Entry Test / SAT / NTS (as per policy),https://admissions.umt.edu.pk/prog/PhDMAths.aspx,https://admissions.umt.edu.pk/FeeStructure.aspx,31 August 2025
University of Management and Technology,Lahore,School of Science,PhD Physics,PhD Phy,PhD Programs,Evening,3 Years,790000,MS / MPhil degree with research background,UMT Entry Test / SAT / NTS (as per policy),https://admissions.umt.edu.pk/prog/PhDPhy.aspx,https://admissions.umt.edu.pk/FeeStructure.aspx,31 August 2025
University of Management and Technology,Lahore,School of Social Sciences and Humanities,BS Education,BS Edu,Undergraduate Programs,Morning,4 Years,790000,HSSC / A-Levels or equivalent qualification,UMT Entry Test / SAT / NTS (as per policy),https://admissions.umt.edu.pk/prog/BS-Edu.aspx,https://admissions.umt.edu.pk/FeeStructure.aspx,31 August 2025
University of Management and Technology,Lahore,School of Social Sciences and Humanities,BS Gender Studies - Post BSc/BA,BSGS POST BA/BSc,Post Associate Degree Programs,Morning,2 Years,381026,As per UMT admission policy,UMT Entry Test / SAT / NTS (as per policy),https://admissions.umt.edu.pk/prog/BSGS-POSTADP.aspx,https://admissions.umt.edu.pk/FeeStructure.aspx,31 August 2025
University of Management and Technology,Lahore,School of Social Sciences and Humanities,BS Honors in Special Needs Education,BS SNE,Undergraduate Programs,Morning,4 Years,790000,HSSC / A-Levels or equivalent qualification,UMT Entry Test / SAT / NTS (as per policy),https://admissions.umt.edu.pk/prog/BSSNE.aspx,https://admissions.umt.edu.pk/FeeStructure.aspx,31 August 2025
University of Management and Technology,Lahore,School of Social Sciences and Humanities,BS International Relations,BS IR,Undergraduate Programs,Morning,4 Years,990000,HSSC / A-Levels or equivalent qualification,UMT Entry Test / SAT / NTS (as per policy),https://admissions.umt.edu.pk/prog/BSIR.aspx,https://admissions.umt.edu.pk/FeeStructure.aspx,31 August 2025
University of Management and Technology,Lahore,School of Social Sciences and Humanities,BS Political Science,BSPOL,Undergraduate Programs,Morning,4 Years,990000,HSSC / A-Levels or equivalent qualification,UMT Entry Test / SAT / NTS (as per policy),https://admissions.umt.edu.pk/prog/BSPOL.aspx,https://admissions.umt.edu.pk/FeeStructure.aspx,31 August 2025
University of Management and Technology,Lahore,School of Social Sciences and Humanities,BS Sociology,BS Soc,Undergraduate Programs,Morning,4 Years,790000,HSSC / A-Levels or equivalent qualification,UMT Entry Test / SAT / NTS (as per policy),https://admissions.umt.edu.pk/prog/BSSocio.aspx,https://admissions.umt.edu.pk/FeeStructure.aspx,31 August 2025
University of Management and Technology,Lahore,School of Social Sciences and Humanities,BS Sociology - Post BSc/BA,BSSOC POST BA/BSc,Post Associate Degree Programs,Morning,2 years,566842,As per UMT admission policy,UMT Entry Test / SAT / NTS (as per policy),https://admissions.umt.edu.pk/prog/BSSOC-POSTADP.aspx,https://admissions.umt.edu.pk/FeeStructure.aspx,31 August 2025
University of Management and Technology,Lahore,School of Social Sciences and Humanities,BS Special Need Education - Post ADP/BSc/BA,BS SNE POST ADP/BA/BSc,Post Associate Degree Programs,Morning,2 years,480120,As per UMT admission policy,UMT Entry Test / SAT / NTS (as per policy),https://admissions.umt.edu.pk/prog/BSNE-POSTADP.aspx,https://admissions.umt.edu.pk/FeeStructure.aspx,31 August 2025
University of Management and Technology,Lahore,School of Social Sciences and Humanities,MPhil Education (Regular/Weekend),MPhil Edu,Graduate Programs,Weekend,2 Years,490000,16 years education from HEC recognized institution,UMT Entry Test / SAT / NTS (as per policy),https://admissions.umt.edu.pk/prog/MPhil-Edu.aspx,https://admissions.umt.edu.pk/FeeStructure.aspx,31 August 2025
University of Management and Technology,Lahore,School of Social Sciences and Humanities,MPhil Educational Leadership and Management (MPhil. ELM) (Weekend),MPhil ELM,Graduate Programs,Weekend,2 years,590000,16 years education from HEC recognized institution,UMT Entry Test / SAT / NTS (as per policy),https://admissions.umt.edu.pk/prog/MphilELM.aspx,https://admissions.umt.edu.pk/FeeStructure.aspx,31 August 2025
University of Management and Technology,Lahore,School of Social Sciences and Humanities,MPhil Gender Studies,MPhil-GS,Graduate Programs,Weekend,2 Years,490000,16 years education from HEC recognized institution,UMT Entry Test / SAT / NTS (as per policy),https://admissions.umt.edu.pk/prog/MPhil-GS.aspx,https://admissions.umt.edu.pk/FeeStructure.aspx,31 August 2025
University of Management and Technology,Lahore,School of Social Sciences and Humanities,MPhil International Relation (Weekend),MPhil IR,Graduate Programs,Weekend,2 Years,490000,16 years education from HEC recognized institution,UMT Entry Test / SAT / NTS (as per policy),https://admissions.umt.edu.pk/prog/M.Phil-IR.aspx,https://admissions.umt.edu.pk/FeeStructure.aspx,31 August 2025
University of Management and Technology,Lahore,School of Social Sciences and Humanities,MPhil Islamic Studies (Major in Seerat-un-Nabi (SAW)) (Weekend),MPhil IS,Graduate Programs,Weekend,2 Years,590000,16 years education from HEC recognized institution,UMT Entry Test / SAT / NTS (as per policy),https://admissions.umt.edu.pk/prog/M.Phil-IS.aspx,https://admissions.umt.edu.pk/FeeStructure.aspx,31 August 2025
University of Management and Technology,Lahore,School of Social Sciences and Humanities,MPhil Islamic Thought and Civilization (Weekend),MPhil ITC,Graduate Programs,Weekend,2 years,590000,16 years education from HEC recognized institution,UMT Entry Test / SAT / NTS (as per policy),https://admissions.umt.edu.pk/prog/MS-ITC.aspx,https://admissions.umt.edu.pk/FeeStructure.aspx,31 August 2025
University of Management and Technology,Lahore,School of Social Sciences and Humanities,MPhil Political Science (Weekend),MPhil PS,Graduate Programs,Weekend,2 Years,490000,16 years education from HEC recognized institution,UMT Entry Test / SAT / NTS (as per policy),https://admissions.umt.edu.pk/prog/MS-POL.aspx,https://admissions.umt.edu.pk/FeeStructure.aspx,31 August 2025
University of Management and Technology,Lahore,School of Social Sciences and Humanities,MPhil Sociology (Weekend),MPhil SOC,Graduate Programs,Weekend,2 Years,490000,16 years education from HEC recognized institution,UMT Entry Test / SAT / NTS (as per policy),https://admissions.umt.edu.pk/prog/MPhilSociology2years.aspx,https://admissions.umt.edu.pk/FeeStructure.aspx,31 August 2025
University of Management and Technology,Lahore,School of Social Sciences and Humanities,MPhil Special Education (Weekend),MPhil SEDU,Graduate Programs,Weekend,2 Years,490000,16 years education from HEC recognized institution,UMT Entry Test / SAT / NTS (as per policy),https://admissions.umt.edu.pk/prog/MPhil-SEDU.aspx,https://admissions.umt.edu.pk/FeeStructure.aspx,31 August 2025
University of Management and Technology,Lahore,School of Social Sciences and Humanities,MS Security and Strategic Studies (Weekend),MS SSS,Graduate Programs,Weekend,2 Years,390000,16 years education from HEC recognized institution,UMT Entry Test / SAT / NTS (as per policy),https://admissions.umt.edu.pk/prog/MS- Security and Strategic Studies.aspx,https://admissions.umt.edu.pk/FeeStructure.aspx,31 August 2025
University of Management and Technology,Lahore,School of Social Sciences and Humanities,PhD International Relations,PhD-IR,PhD Programs,Evening,3 Years,690000,MS / MPhil degree with research background,UMT Entry Test / SAT / NTS (as per policy),https://admissions.umt.edu.pk/prog/PhD-IR.aspx,https://admissions.umt.edu.pk/FeeStructure.aspx,31 August 2025
University of Management and Technology,Lahore,School of Social Sciences and Humanities,PhD Islamic Thought and Civilization,PhD-ITC,PhD Programs,Afternoon,3 Years,940000,MS / MPhil degree with research background,UMT Entry Test / SAT / NTS (as per policy),https://admissions.umt.edu.pk/prog/PhD ITC.aspx,https://admissions.umt.edu.pk/FeeStructure.aspx,31 August 2025
University of Management and Technology,Lahore,School of Social Sciences and Humanities,PhD Sociology,PhD,PhD Programs,Evening/Weekend,3 Years,690000,MS / MPhil degree with research background,UMT Entry Test / SAT / NTS (as per policy),https://admissions.umt.edu.pk/prog/PhD Sociology.aspx,https://admissions.umt.edu.pk/FeeStructure.aspx,31 August 2025
University of Management and Technology,Lahore,School of Systems and Technology,BS Artificial Intelligence,BSAI,Undergraduate Programs,Morning,4 years,1890000,HSSC / A-Levels or equivalent qualification,UMT Entry Test / SAT / NTS (as per policy),https://admissions.umt.edu.pk/prog/BS AI.aspx,https://admissions.umt.edu.pk/FeeStructure.aspx,31 August 2025
University of Management and Technology,Lahore,School of Systems and Technology,BS Blockchain Technology,BSBCT,Undergraduate Programs,Morning,4 Years,1690000,HSSC / A-Levels or equivalent qualification,UMT Entry Test / SAT / NTS (as per policy),https://admissions.umt.edu.pk/prog/BSBCT.aspx,https://admissions.umt.edu.pk/FeeStructure.aspx,31 August 2025
University of Management and Technology,Lahore,School of Systems and Technology,BS Computer Science,BSCS,Undergraduate Programs,Morning,4 years,2090000,HSSC / A-Levels or equivalent qualification,UMT Entry Test / SAT / NTS (as per policy),https://admissions.umt.edu.pk/prog/BSCS.aspx,https://admissions.umt.edu.pk/FeeStructure.aspx,31 August 2025
University of Management and Technology,Lahore,School of Systems and Technology,BS Computer Science - Post ADP,BSCS Post ADP,Post Associate Degree Programs,Morning,2 years,1191303,As per UMT admission policy,UMT Entry Test / SAT / NTS (as per policy),https://admissions.umt.edu.pk/prog/BS CS- Post ADP.aspx,https://admissions.umt.edu.pk/FeeStructure.aspx,31 August 2025
University of Management and Technology,Lahore,School of Systems and Technology,BS Cyber Security,BS CySec,Undergraduate Programs,Morning,4 Years,1690000,HSSC / A-Levels or equivalent qualification,UMT Entry Test / SAT / NTS (as per policy),https://admissions.umt.edu.pk/prog/BS Cyber security.aspx,https://admissions.umt.edu.pk/FeeStructure.aspx,31 August 2025
University of Management and Technology,Lahore,School of Systems and Technology,BS Data Science,BSDS,Undergraduate Programs,Morning,4 Years,1690000,HSSC / A-Levels or equivalent qualification,UMT Entry Test / SAT / NTS (as per policy),https://admissions.umt.edu.pk/prog/BS-DS.aspx,https://admissions.umt.edu.pk/FeeStructure.aspx,31 August 2025
University of Management and Technology,Lahore,School of Systems and Technology,BS Gaming and Immersive Media,BSGIM,Undergraduate Programs,Morning,4 Years,1690000,HSSC / A-Levels or equivalent qualification,UMT Entry Test / SAT / NTS (as per policy),https://admissions.umt.edu.pk/prog/BSGIM.aspx,https://admissions.umt.edu.pk/FeeStructure.aspx,31 August 2025
University of Management and Technology,Lahore,School of Systems and Technology,BS Information Technology,BSIT,Undergraduate Programs,Morning,4 years,1690000,HSSC / A-Levels or equivalent qualification,UMT Entry Test / SAT / NTS (as per policy),https://admissions.umt.edu.pk/prog/BSIT.aspx,https://admissions.umt.edu.pk/FeeStructure.aspx,31 August 2025
University of Management and Technology,Lahore,School of Systems and Technology,BS Software Engineering,BSSE,Undergraduate Programs,Morning,4 years,1990000,HSSC / A-Levels or equivalent qualification,UMT Entry Test / SAT / NTS (as per policy),https://admissions.umt.edu.pk/prog/Bbse.aspx,https://admissions.umt.edu.pk/FeeStructure.aspx,31 August 2025
University of Management and Technology,Lahore,School of Systems and Technology,MS Artificial Intelligence (Weekend),MSAI,Graduate Programs,Weekend,2 Years,690000,16 years education from HEC recognized institution,UMT Entry Test / SAT / NTS (as per policy),https://admissions.umt.edu.pk/prog/MS AI.aspx,https://admissions.umt.edu.pk/FeeStructure.aspx,31 August 2025
University of Management and Technology,Lahore,School of Systems and Technology,MS Computer Science (Weekend),MSCS,Graduate Programs,Weekend,2 Years,690000,16 years education from HEC recognized institution,UMT Entry Test / SAT / NTS (as per policy),https://admissions.umt.edu.pk/prog/MSCS.aspx,https://admissions.umt.edu.pk/FeeStructure.aspx,31 August 2025
University of Management and Technology,Lahore,School of Systems and Technology,MS Data Science (Weekend),MSDS,Graduate Programs,Weekend,2 Years,690000,16 years education from HEC recognized institution,UMT Entry Test / SAT / NTS (as per policy),https://admissions.umt.edu.pk/prog/MS-DS.aspx,https://admissions.umt.edu.pk/FeeStructure.aspx,31 August 2025
University of Management and Technology,Lahore,School of Systems and Technology,MS Information Security (Weekend),MSIS,Graduate Programs,Weekend,2 years,690000,16 years education from HEC recognized institution,UMT Entry Test / SAT / NTS (as per policy),https://admissions.umt.edu.pk/prog/MS-IS.aspx,https://admissions.umt.edu.pk/FeeStructure.aspx,31 August 2025
University of Management and Technology,Lahore,School of Systems and Technology,MS Information Technology (Weekend),MSIT,Graduate Programs,Weekend,2 Years,690000,16 years education from HEC recognized institution,UMT Entry Test / SAT / NTS (as per policy),https://admissions.umt.edu.pk/prog/MS-IT.aspx,https://admissions.umt.edu.pk/FeeStructure.aspx,31 August 2025
University of Management and Technology,Lahore,School of Systems and Technology,MS Software Engineering (Weekend),MSSE,Graduate Programs,Weekend,2 Years,690000,16 years education from HEC recognized institution,UMT Entry Test / SAT / NTS (as per policy),https://admissions.umt.edu.pk/prog/MSSE.aspx,https://admissions.umt.edu.pk/FeeStructure.aspx,31 August 2025
University of Management and Technology,Lahore,School of Systems and Technology,MS Software Project Management (Weekend),MS SPM,Graduate Programs,Weekend,2 Years,590000,16 years education from HEC recognized institution,UMT Entry Test / SAT / NTS (as per policy),https://admissions.umt.edu.pk/prog/MS SPM.aspx,https://admissions.umt.edu.pk/FeeStructure.aspx,31 August 2025
University of Management and Technology,Lahore,School of Systems and Technology,PhD Computer Science,PhD CS,PhD Programs,Weekend,3 Years,990000,MS / MPhil degree with research background,UMT Entry Test / SAT / NTS (as per policy),https://admissions.umt.edu.pk/prog/PhD-CS.aspx,https://admissions.umt.edu.pk/FeeStructure.aspx,31 August 2025
University of Management and Technology,Lahore,The College of Arts Science and Technology,Associate Degree in Accounting & Finance,ADP AF,Associate Degree Program,Morning,2 years,525000,As per UMT admission policy,UMT Entry Test / SAT / NTS (as per policy),https://admissions.umt.edu.pk/prog/ADP-AF.aspx,https://admissions.umt.edu.pk/FeeStructure.aspx,31 August 2025
University of Management and Technology,Lahore,The College of Arts Science and Technology,Associate Degree in Artificial Intelligence,ADP AI,Associate Degree Program,Morning,2 Years,590000,As per UMT admission policy,UMT Entry Test / SAT / NTS (as per policy),https://admissions.umt.edu.pk/prog/ADP-AI.aspx,https://admissions.umt.edu.pk/FeeStructure.aspx,31 August 2025
University of Management and Technology,Lahore,The College of Arts Science and Technology,Associate Degree in Business Administration & Commerce,ADP BAC,Associate Degree Program,Morning,2 Years,525000,As per UMT admission policy,UMT Entry Test / SAT / NTS (as per policy),https://admissions.umt.edu.pk/prog/ADP-BAC.aspx,https://admissions.umt.edu.pk/FeeStructure.aspx,31 August 2025
University of Management and Technology,Lahore,The College of Arts Science and Technology,Associate Degree in Computer Science,ADP CS,Associate Degree Program,Morning,2 years,690000,As per UMT admission policy,UMT Entry Test / SAT / NTS (as per policy),https://admissions.umt.edu.pk/prog/ADP-CS.aspx,https://admissions.umt.edu.pk/FeeStructure.aspx,31 August 2025
University of Management and Technology,Lahore,The College of Arts Science and Technology,Associate Degree in Digital Marketing,ADP DM,Associate Degree Program,Morning,2 Years,525000,As per UMT admission policy,UMT Entry Test / SAT / NTS (as per policy),https://admissions.umt.edu.pk/prog/ADP DM.aspx,https://admissions.umt.edu.pk/FeeStructure.aspx,31 August 2025
University of Management and Technology,Lahore,The College of Arts Science and Technology,Associate Degree in Fashion Design,ADP FD,Associate Degree Program,Morning,2 Years,525000,As per UMT admission policy,UMT Entry Test / SAT / NTS (as per policy),https://admissions.umt.edu.pk/prog/ADP-FD.aspx,https://admissions.umt.edu.pk/FeeStructure.aspx,31 August 2025
University of Management and Technology,Lahore,The College of Arts Science and Technology,Associate Degree in Graphic Design,ADP GD,Associate Degree Program,Morning,2 Years,525000,As per UMT admission policy,UMT Entry Test / SAT / NTS (as per policy),https://admissions.umt.edu.pk/prog/ADP-GD.aspx,https://admissions.umt.edu.pk/FeeStructure.aspx,31 August 2025
University of Management and Technology,Lahore,The College of Arts Science and Technology,Associate Degree in Information Technology Management,ADP ITM,Associate Degree Program,Morning,2 years,525000,As per UMT admission policy,UMT Entry Test / SAT / NTS (as per policy),https://admissions.umt.edu.pk/prog/ADP-IT.aspx,https://admissions.umt.edu.pk/FeeStructure.aspx,31 August 2025
University of Management and Technology,Lahore,The College of Arts Science and Technology,Associate Degree in Media & Communication Studies,ADP MC,Associate Degree Program,Morning,2-Years,525000,As per UMT admission policy,UMT Entry Test / SAT / NTS (as per policy),https://admissions.umt.edu.pk/prog/ADP-MCS.aspx,https://admissions.umt.edu.pk/FeeStructure.aspx,31 August 2025
University of Management and Technology,Lahore,The College of Arts Science and Technology,Associate Degree in Psychology,ADP Psy,Associate Degree Program,Morning,2 years,525000,As per UMT admission policy,UMT Entry Test / SAT / NTS (as per policy),https://admissions.umt.edu.pk/prog/ADP-Psy.aspx,https://admissions.umt.edu.pk/FeeStructure.aspx,31 August 2025
University of Management and Technology,Lahore,The College of Arts Science and Technology,Associate Degree in Software Engineering,ADP SE,Associate Degree Program,Morning,2 Years,590000,As per UMT admission policy,UMT Entry Test / SAT / NTS (as per policy),https://admissions.umt.edu.pk/prog/ADP SE.aspx,https://admissions.umt.edu.pk/FeeStructure.aspx,31 August 2025
