Institute,City,School,Degree,Program,Eligibility,Admission_Test,Fee_Category,First_Year_Fee_PKR,Application_Deadline,Deadline_Source_URL,Fee_Source_URL
NUST,Islamabad,School Of Chemical & Materials Engineering,BS,BACHELOR OF CHEMICAL ENGINEERING,FSc (Pre-Engineering / ICS / relevant group) with required subjects,NET (NUST Entry Test),Engineering / Computing,325000,"January 31, 2026",https://nust.edu.pk/admissions/undergraduates/dates-to-remember/,https://nust.edu.pk/admissions/fee-structure/
NUST,Islamabad,School Of Chemical & Materials Engineering,BS,BACHELOR OF METALLURGY & MATERIALS  ENGINEERING,FSc (Pre-Engineering / ICS / relevant group) with required subjects,NET (NUST Entry Test),Engineering / Computing,325000,"January 31, 2026",https://nust.edu.pk/admissions/undergraduates/dates-to-remember/,https://nust.edu.pk/admissions/fee-structure/
NUST,Islamabad,School Of Chemical & Materials Engineering,BS,BACHELOR OF METALLURGY & MATERIALS,FSc (Pre-Engineering / ICS / relevant group) with required subjects,NET (NUST Entry Test),General BS,300000,"January 31, 2026",https://nust.edu.pk/admissions/undergraduates/dates-to-remember/,https://nust.edu.pk/admissions/fee-structure/
NUST,Islamabad,School Of Electrical Engineering & Computer Science,BS,BACHELOR OF SOFTWARE ENGINEERING,FSc (Pre-Engineering / ICS / relevant group) with required subjects,NET (NUST Entry Test),Engineering / Computing,325000,"January 31, 2026",https://nust.edu.pk/admissions/undergraduates/dates-to-remember/,https://nust.edu.pk/admissions/fee-structure/
NUST,Islamabad,School Of Electrical Engineering & Computer Science,BS,BACHELOR OF SCIENCE IN COMPUTER SCIENCE 2021 AND 2022 INTAKE,FSc (Pre-Engineering / ICS / relevant group) with required subjects,NET (NUST Entry Test),Engineering / Computing,325000,"January 31, 2026",https://nust.edu.pk/admissions/undergraduates/dates-to-remember/,https://nust.edu.pk/admissions/fee-structure/
NUST,Islamabad,School Of Electrical Engineering & Computer Science,BS,BACHELOR OF SCIENCE IN COMPUTER SCIENCE 2023-2024,FSc (Pre-Engineering / ICS / relevant group) with required subjects,NET (NUST Entry Test),Engineering / Computing,325000,"January 31, 2026",https://nust.edu.pk/admissions/undergraduates/dates-to-remember/,https://nust.edu.pk/admissions/fee-structure/
NUST,Islamabad,School Of Electrical Engineering & Computer Science,BS,BACHELOR OF ELECTRICAL ENGINEERING,FSc (Pre-Engineering / ICS / relevant group) with required subjects,NET (NUST Entry Test),Engineering / Computing,325000,"January 31, 2026",https://nust.edu.pk/admissions/undergraduates/dates-to-remember/,https://nust.edu.pk/admissions/fee-structure/
NUST,Islamabad,School Of Electrical Engineering & Computer Science,BS,BACHELOR OF SCIENCE IN COMPUTER SCIENCE 2020 INTAKE,FSc (Pre-Engineering / ICS / relevant group) with required subjects,NET (NUST Entry Test),Engineering / Computing,325000,"January 31, 2026",https://nust.edu.pk/admissions/undergraduates/dates-to-remember/,https://nust.edu.pk/admissions/fee-structure/
NUST,Islamabad,School Of Electrical Engineering & Computer Science,BS,BACHELOR OF SCIENCE IN DATA SCIENCE,FSc (Pre-Engineering / ICS / relevant group) with required subjects,NET (NUST Entry Test),General BS,300000,"January 31, 2026",https://nust.edu.pk/admissions/undergraduates/dates-to-remember/,https://nust.edu.pk/admissions/fee-structure/
NUST,Islamabad,School Of Electrical Engineering & Computer Science,BS,BACHELOR OF SCIENCE IN ARTIFICIAL INTELLIGENCE,FSc (Pre-Engineering / ICS / relevant group) with required subjects,NET (NUST Entry Test),General BS,300000,"January 31, 2026",https://nust.edu.pk/admissions/undergraduates/dates-to-remember/,https://nust.edu.pk/admissions/fee-structure/
NUST,Islamabad,School Of Electrical Engineering & Computer Science,BS,BACHELOR IN ELECTRICAL ENGINEERING,FSc (Pre-Engineering / ICS / relevant group) with required subjects,NET (NUST Entry Test),Engineering / Computing,325000,"January 31, 2026",https://nust.edu.pk/admissions/undergraduates/dates-to-remember/,https://nust.edu.pk/admissions/fee-structure/
NUST,Islamabad,School Of Electrical Engineering & Computer Science,BS,BACHELOR OF COMPUTER ENGINEERING,FSc (Pre-Engineering / ICS / relevant group) with required subjects,NET (NUST Entry Test),Engineering / Computing,325000,"January 31, 2026",https://nust.edu.pk/admissions/undergraduates/dates-to-remember/,https://nust.edu.pk/admissions/fee-structure/
NUST,Islamabad,School Of Electrical Engineering & Computer Science,BS,BACHELOR OF SCIENCE IN COMPUTER SCIENCE 2025 AND ONWARDS,FSc (Pre-Engineering / ICS / relevant group) with required subjects,NET (NUST Entry Test),Engineering / Computing,325000,"January 31, 2026",https://nust.edu.pk/admissions/undergraduates/dates-to-remember/,https://nust.edu.pk/admissions/fee-structure/
NUST,Islamabad,School Of Mechanical & Manufacturing Engineering,BS,BACHELOR OF MECHANICAL ENGINEERING wef,FSc (Pre-Engineering / ICS / relevant group) with required subjects,NET (NUST Entry Test),Engineering / Computing,325000,"January 31, 2026",https://nust.edu.pk/admissions/undergraduates/dates-to-remember/,https://nust.edu.pk/admissions/fee-structure/
NUST,Islamabad,School Of Mechanical & Manufacturing Engineering,BS,BACHELORS OF MECHANICAL ENGINEERING,FSc (Pre-Engineering / ICS / relevant group) with required subjects,NET (NUST Entry Test),Engineering / Computing,325000,"January 31, 2026",https://nust.edu.pk/admissions/undergraduates/dates-to-remember/,https://nust.edu.pk/admissions/fee-structure/
NUST,Islamabad,School Of Mechanical & Manufacturing Engineering,BS,BACHELOR OF AEROSPACE ENGINEERING,FSc (Pre-Engineering / ICS / relevant group) with required subjects,NET (NUST Entry Test),Engineering / Computing,325000,"January 31, 2026",https://nust.edu.pk/admissions/undergraduates/dates-to-remember/,https://nust.edu.pk/admissions/fee-structure/
NUST,Islamabad,School Of Mechanical & Manufacturing Engineering,BS,BACHELOR OF MECHANICAL ENGINEERING,FSc (Pre-Engineering / ICS / relevant group) with required subjects,NET (NUST Entry Test),Engineering / Computing,325000,"January 31, 2026",https://nust.edu.pk/admissions/undergraduates/dates-to-remember/,https://nust.edu.pk/admissions/fee-structure/
NUST,Islamabad,"Nust Balochistan Campus, Quetta",BS,BACHELOR OF SCIENCE IN COMPUTER SCIENCE 2021 AND 2022 INTAKE,FSc (Pre-Engineering / ICS / relevant group) with required subjects,NET (NUST Entry Test),Engineering / Computing,325000,"January 31, 2026",https://nust.edu.pk/admissions/undergraduates/dates-to-remember/,https://nust.edu.pk/admissions/fee-structure/
NUST,Islamabad,"Nust Balochistan Campus, Quetta",BS,BACHELOR OF SCIENCE IN COMPUTER SCIENCE 2023-2024,FSc (Pre-Engineering / ICS / relevant group) with required subjects,NET (NUST Entry Test),Engineering / Computing,325000,"January 31, 2026",https://nust.edu.pk/admissions/undergraduates/dates-to-remember/,https://nust.edu.pk/admissions/fee-structure/
NUST,Islamabad,"Nust Balochistan Campus, Quetta",BS,BACHELOR OF SCIENCE IN COMPUTER SCIENCE 2020 INTAKE,FSc (Pre-Engineering / ICS / relevant group) with required subjects,NET (NUST Entry Test),Engineering / Computing,325000,"January 31, 2026",https://nust.edu.pk/admissions/undergraduates/dates-to-remember/,https://nust.edu.pk/admissions/fee-structure/
NUST,Islamabad,"Nust Balochistan Campus, Quetta",BS,BACHELOR OF SCIENCE IN ARTIFICIAL INTELLIGENCE,FSc (Pre-Engineering / ICS / relevant group) with required subjects,NET (NUST Entry Test),General BS,300000,"January 31, 2026",https://nust.edu.pk/admissions/undergraduates/dates-to-remember/,https://nust.edu.pk/admissions/fee-structure/
NUST,Islamabad,"Nust Balochistan Campus, Quetta",BS,BACHELOR OF SCIENCE IN COMPUTER SCIENCE 2025 AND ONWARDS,FSc (Pre-Engineering / ICS / relevant group) with required subjects,NET (NUST Entry Test),Engineering / Computing,325000,"January 31, 2026",https://nust.edu.pk/admissions/undergraduates/dates-to-remember/,https://nust.edu.pk/admissions/fee-structure/
NUST,Islamabad,College Of Aeronautical Engineering,BS,BACHELOR OF AEROSPACE ENGINEERING,FSc (Pre-Engineering / ICS / relevant group) with required subjects,NET (NUST Entry Test),Engineering / Computing,325000,"January 31, 2026",https://nust.edu.pk/admissions/undergraduates/dates-to-remember/,https://nust.edu.pk/admissions/fee-structure/
NUST,Islamabad,College Of Aeronautical Engineering,BS,BACHELORS OF AVIONICS ENGINEERING,FSc (Pre-Engineering / ICS / relevant group) with required subjects,NET (NUST Entry Test),Engineering / Computing,325000,"January 31, 2026",https://nust.edu.pk/admissions/undergraduates/dates-to-remember/,https://nust.edu.pk/admissions/fee-structure/
NUST,Islamabad,College Of Electrical & Mechanical Engineering,BS,BACHELOR OF COMPUTER ENGINEERING,FSc (Pre-Engineering / ICS / relevant group) with required subjects,NET (NUST Entry Test),Engineering / Computing,325000,"January 31, 2026",https://nust.edu.pk/admissions/undergraduates/dates-to-remember/,https://nust.edu.pk/admissions/fee-structure/
NUST,Islamabad,College Of Electrical & Mechanical Engineering,BS,BACHELOR OF MECHATRONICS ENGINEERING,FSc (Pre-Engineering / ICS / relevant group) with required subjects,NET (NUST Entry Test),Engineering / Computing,325000,"January 31, 2026",https://nust.edu.pk/admissions/undergraduates/dates-to-remember/,https://nust.edu.pk/admissions/fee-structure/
NUST,Islamabad,College Of Electrical & Mechanical Engineering,BS,BACHELOR OF MECHANICAL ENGINEERING wef,FSc (Pre-Engineering / ICS / relevant group) with required subjects,NET (NUST Entry Test),Engineering / Computing,325000,"January 31, 2026",https://nust.edu.pk/admissions/undergraduates/dates-to-remember/,https://nust.edu.pk/admissions/fee-structure/
NUST,Islamabad,College Of Electrical & Mechanical Engineering,BS,BACHELOR OF ELECTRICAL ENGINEERING,FSc (Pre-Engineering / ICS / relevant group) with required subjects,NET (NUST Entry Test),Engineering / Computing,325000,"January 31, 2026",https://nust.edu.pk/admissions/undergraduates/dates-to-remember/,https://nust.edu.pk/admissions/fee-structure/
NUST,Islamabad,College Of Electrical & Mechanical Engineering,BS,BACHELORS OF MECHANICAL ENGINEERING,FSc (Pre-Engineering / ICS / relevant group) with required subjects,NET (NUST Entry Test),Engineering / Computing,325000,"January 31, 2026",https://nust.edu.pk/admissions/undergraduates/dates-to-remember/,https://nust.edu.pk/admissions/fee-structure/
NUST,Islamabad,College Of Electrical & Mechanical Engineering,BS,BACHELOR OF MECHANICAL ENGINEERING,FSc (Pre-Engineering / ICS / relevant group) with required subjects,NET (NUST Entry Test),Engineering / Computing,325000,"January 31, 2026",https://nust.edu.pk/admissions/undergraduates/dates-to-remember/,https://nust.edu.pk/admissions/fee-structure/
NUST,Islamabad,College Of Electrical & Mechanical Engineering,BS,BACHELOR IN ELECTRICAL ENGINEERING,FSc (Pre-Engineering / ICS / relevant group) with required subjects,NET (NUST Entry Test),Engineering / Computing,325000,"January 31, 2026",https://nust.edu.pk/admissions/undergraduates/dates-to-remember/,https://nust.edu.pk/admissions/fee-structure/
NUST,Islamabad,Military College Of Signals,BS,BACHELOR OF SOFTWARE ENGINEERING,FSc (Pre-Engineering / ICS / relevant group) with required subjects,NET (NUST Entry Test),Engineering / Computing,325000,"January 31, 2026",https://nust.edu.pk/admissions/undergraduates/dates-to-remember/,https://nust.edu.pk/admissions/fee-structure/
NUST,Islamabad,Military College Of Signals,BS,BACHELOR OF ELECTRICAL ENGINEERING,FSc (Pre-Engineering / ICS / relevant group) with required subjects,NET (NUST Entry Test),Engineering / Computing,325000,"January 31, 2026",https://nust.edu.pk/admissions/undergraduates/dates-to-remember/,https://nust.edu.pk/admissions/fee-structure/
NUST,Islamabad,Military College Of Signals,BS,BACHELOR OF ENGINEERING IN IN,FSc (Pre-Engineering / ICS / relevant group) with required subjects,NET (NUST Entry Test),Engineering / Computing,325000,"January 31, 2026",https://nust.edu.pk/admissions/undergraduates/dates-to-remember/,https://nust.edu.pk/admissions/fee-structure/
NUST,Islamabad,Military College Of Signals,BS,BACHELOR IN ELECTRICAL ENGINEERING,FSc (Pre-Engineering / ICS / relevant group) with required subjects,NET (NUST Entry Test),Engineering / Computing,325000,"January 31, 2026",https://nust.edu.pk/admissions/undergraduates/dates-to-remember/,https://nust.edu.pk/admissions/fee-structure/
NUST,Islamabad,Pakistan Navy Engineering College,BS,BACHELOR OF MECHANICAL ENGINEERING wef,FSc (Pre-Engineering / ICS / relevant group) with required subjects,NET (NUST Entry Test),Engineering / Computing,325000,"January 31, 2026",https://nust.edu.pk/admissions/undergraduates/dates-to-remember/,https://nust.edu.pk/admissions/fee-structure/
NUST,Islamabad,Pakistan Navy Engineering College,BS,Bachelor of Science in Maritime Sciences,FSc (Pre-Engineering / ICS / relevant group) with required subjects,NET (NUST Entry Test),General BS,300000,"January 31, 2026",https://nust.edu.pk/admissions/undergraduates/dates-to-remember/,https://nust.edu.pk/admissions/fee-structure/
NUST,Islamabad,Pakistan Navy Engineering College,BS,Bachelor of Engineering in Naval Architecture,FSc (Pre-Engineering / ICS / relevant group) with required subjects,NET (NUST Entry Test),Engineering / Computing,325000,"January 31, 2026",https://nust.edu.pk/admissions/undergraduates/dates-to-remember/,https://nust.edu.pk/admissions/fee-structure/
NUST,Islamabad,Pakistan Navy Engineering College,BS,BACHELOR OF ELECTRICAL ENGINEERING,FSc (Pre-Engineering / ICS / relevant group) with required subjects,NET (NUST Entry Test),Engineering / Computing,325000,"January 31, 2026",https://nust.edu.pk/admissions/undergraduates/dates-to-remember/,https://nust.edu.pk/admissions/fee-structure/
NUST,Islamabad,Pakistan Navy Engineering College,BS,BACHELOR OF MECHANICAL ENGINEERING,FSc (Pre-Engineering / ICS / relevant group) with required subjects,NET (NUST Entry Test),Engineering / Computing,325000,"January 31, 2026",https://nust.edu.pk/admissions/undergraduates/dates-to-remember/,https://nust.edu.pk/admissions/fee-structure/
NUST,Islamabad,Pakistan Navy Engineering College,BS,BACHELOR IN ELECTRICAL ENGINEERING,FSc (Pre-Engineering / ICS / relevant group) with required subjects,NET (NUST Entry Test),Engineering / Computing,325000,"January 31, 2026",https://nust.edu.pk/admissions/undergraduates/dates-to-remember/,https://nust.edu.pk/admissions/fee-structure/
NUST,Islamabad,Pakistan Navy Engineering College,BS,BACHELOR OF SCIENCE IN COMPUTER SCIENCE 2025 AND ONWARDS,FSc (Pre-Engineering / ICS / relevant group) with required subjects,NET (NUST Entry Test),Engineering / Computing,325000,"January 31, 2026",https://nust.edu.pk/admissions/undergraduates/dates-to-remember/,https://nust.edu.pk/admissions/fee-structure/
NUST,Islamabad,Pakistan Navy Engineering College,BS,Bachelor of Naval Architecture & Marine Engineering,FSc (Pre-Engineering / ICS / relevant group) with required subjects,NET (NUST Entry Test),Engineering / Computing,325000,"January 31, 2026",https://nust.edu.pk/admissions/undergraduates/dates-to-remember/,https://nust.edu.pk/admissions/fee-structure/
NUST,Islamabad,Nust Business School,BS,BACHELOR OF BUSINESS ADMINISTRATION,FSc (Pre-Engineering / ICS / relevant group) with required subjects,NET (NUST Entry Test),Business / Social Sciences,275000,"January 31, 2026",https://nust.edu.pk/admissions/undergraduates/dates-to-remember/,https://nust.edu.pk/admissions/fee-structure/
NUST,Islamabad,"School Of Art, Design & Architecture",BS,Bachelor of Industrial Design,FSc (Pre-Engineering / ICS / relevant group) with required subjects,NET (NUST Entry Test),Architecture / Design,350000,"January 31, 2026",https://nust.edu.pk/admissions/undergraduates/dates-to-remember/,https://nust.edu.pk/admissions/fee-structure/
NUST,Islamabad,"School Of Art, Design & Architecture",BS,Bachelor of Architecture,FSc (Pre-Engineering / ICS / relevant group) with required subjects,NET (NUST Entry Test),Architecture / Design,350000,"January 31, 2026",https://nust.edu.pk/admissions/undergraduates/dates-to-remember/,https://nust.edu.pk/admissions/fee-structure/
NUST,Islamabad,Nust Institute Of Peace & Conflict Studies,BS,BACHELOR OF MILITARY ART AND SCIENCE (BMAS),FSc (Pre-Engineering / ICS / relevant group) with required subjects,NET (NUST Entry Test),General BS,300000,"January 31, 2026",https://nust.edu.pk/admissions/undergraduates/dates-to-remember/,https://nust.edu.pk/admissions/fee-structure/
NUST,Islamabad,School Of Social Sciences & Humanities,BS,Bachelor of Public Administration,FSc (Pre-Engineering / ICS / relevant group) with required subjects,NET (NUST Entry Test),Business / Social Sciences,275000,"January 31, 2026",https://nust.edu.pk/admissions/undergraduates/dates-to-remember/,https://nust.edu.pk/admissions/fee-structure/
NUST,Islamabad,Nust Law School,BS,Bachelor of Laws,FSc (Pre-Engineering / ICS / relevant group) with required subjects,NET (NUST Entry Test),Business / Social Sciences,275000,"January 31, 2026",https://nust.edu.pk/admissions/undergraduates/dates-to-remember/,https://nust.edu.pk/admissions/fee-structure/
NUST,Islamabad,Jinnah School Of Public Policy And Leadership,BS,BACHELOR OF PUBLIC ADMINISTRATION,FSc (Pre-Engineering / ICS / relevant group) with required subjects,NET (NUST Entry Test),Business / Social Sciences,275000,"January 31, 2026",https://nust.edu.pk/admissions/undergraduates/dates-to-remember/,https://nust.edu.pk/admissions/fee-structure/
NUST,Islamabad,Atta-Ur-Rahman School Of Applied Bio Sciences,BS,Bachelor of Science in Agriculture,FSc (Pre-Engineering / ICS / relevant group) with required subjects,NET (NUST Entry Test),General BS,300000,"January 31, 2026",https://nust.edu.pk/admissions/undergraduates/dates-to-remember/,https://nust.edu.pk/admissions/fee-structure/
NUST,Islamabad,School Of Natural Sciences,BS,Bachelor of Science in Mathematics,FSc (Pre-Engineering / ICS / relevant group) with required subjects,NET (NUST Entry Test),General BS,300000,"January 31, 2026",https://nust.edu.pk/admissions/undergraduates/dates-to-remember/,https://nust.edu.pk/admissions/fee-structure/
NUST,Islamabad,School Of Natural Sciences,BS,Bachelor of Science in Physics,FSc (Pre-Engineering / ICS / relevant group) with required subjects,NET (NUST Entry Test),General BS,300000,"January 31, 2026",https://nust.edu.pk/admissions/undergraduates/dates-to-remember/,https://nust.edu.pk/admissions/fee-structure/
NUST,Islamabad,School Of Natural Sciences,BS,Bachelor of Science in Chemistry,FSc (Pre-Engineering / ICS / relevant group) with required subjects,NET (NUST Entry Test),General BS,300000,"January 31, 2026",https://nust.edu.pk/admissions/undergraduates/dates-to-remember/,https://nust.edu.pk/admissions/fee-structure/
NUST,Islamabad,School Of Civil & Environmental Engineering,Masters,MS CONSTRUCTION ENGINEERING AND MANAGEMENT,16 years of education in a relevant discipline from an HEC recognized institution,NET (NUST Entry Test) / GAT (where applicable),MS Engineering / Computing,350000,"May 31, 2026",https://nust.edu.pk/admissions/masters/dates-to-remember/,https://nust.edu.pk/admissions/fee-structure/
NUST,Islamabad,School Of Civil & Environmental Engineering,Masters,MS URBAN & REGIONAL PLANNING,16 years of education in a relevant discipline from an HEC recognized institution,NET (NUST Entry Test) / GAT (where applicable),General MS,320000,"May 31, 2026",https://nust.edu.pk/admissions/masters/dates-to-remember/,https://nust.edu.pk/admissions/fee-structure/
NUST,Islamabad,School Of Civil & Environmental Engineering,Masters,MS REMOTE SENSING AND GEOGRAPHICAL IN,16 years of education in a relevant discipline from an HEC recognized institution,NET (NUST Entry Test) / GAT (where applicable),General MS,320000,"May 31, 2026",https://nust.edu.pk/admissions/masters/dates-to-remember/,https://nust.edu.pk/admissions/fee-structure/
NUST,Islamabad,School Of Civil & Environmental Engineering,Masters,MS ENVIRONMENTAL ENGINEERING,16 years of education in a relevant discipline from an HEC recognized institution,NET (NUST Entry Test) / GAT (where applicable),MS Engineering / Computing,350000,"May 31, 2026",https://nust.edu.pk/admissions/masters/dates-to-remember/,https://nust.edu.pk/admissions/fee-structure/
NUST,Islamabad,School Of Civil & Environmental Engineering,Masters,MS ENVIRONMENTAL SCIENCE,16 years of education in a relevant discipline from an HEC recognized institution,NET (NUST Entry Test) / GAT (where applicable),General MS,320000,"May 31, 2026",https://nust.edu.pk/admissions/masters/dates-to-remember/,https://nust.edu.pk/admissions/fee-structure/
NUST,Islamabad,School Of Civil & Environmental Engineering,Masters,MS STRUCTURAL ENGINEERING,16 years of education in a relevant discipline from an HEC recognized institution,NET (NUST Entry Test) / GAT (where applicable),MS Engineering / Computing,350000,"May 31, 2026",https://nust.edu.pk/admissions/masters/dates-to-remember/,https://nust.edu.pk/admissions/fee-structure/
NUST,Islamabad,School Of Civil & Environmental Engineering,Masters,MS TRANSPORTATION ENGINEERING,16 years of education in a relevant discipline from an HEC recognized institution,NET (NUST Entry Test) / GAT (where applicable),MS Engineering / Computing,350000,"May 31, 2026",https://nust.edu.pk/admissions/masters/dates-to-remember/,https://nust.edu.pk/admissions/fee-structure/
NUST,Islamabad,School Of Civil & Environmental Engineering,Masters,MS GEOTECHNICAL ENGINEERING,16 years of education in a relevant discipline from an HEC recognized institution,NET (NUST Entry Test) / GAT (where applicable),MS Engineering / Computing,350000,"May 31, 2026",https://nust.edu.pk/admissions/masters/dates-to-remember/,https://nust.edu.pk/admissions/fee-structure/
NUST,Islamabad,School Of Civil & Environmental Engineering,Masters,MS WATER RESOURCES AND HYDROPOWER ENGINEERING,16 years of education in a relevant discipline from an HEC recognized institution,NET (NUST Entry Test) / GAT (where applicable),MS Engineering / Computing,350000,"May 31, 2026",https://nust.edu.pk/admissions/masters/dates-to-remember/,https://nust.edu.pk/admissions/fee-structure/
NUST,Islamabad,School Of Chemical & Materials Engineering,Masters,MS MATERIALS AND SURFACE ENGINEERING,16 years of education in a relevant discipline from an HEC recognized institution,NET (NUST Entry Test) / GAT (where applicable),MS Engineering / Computing,350000,"May 31, 2026",https://nust.edu.pk/admissions/masters/dates-to-remember/,https://nust.edu.pk/admissions/fee-structure/
NUST,Islamabad,School Of Chemical & Materials Engineering,Masters,MS CHEMICAL ENGINEERING,16 years of education in a relevant discipline from an HEC recognized institution,NET (NUST Entry Test) / GAT (where applicable),MS Engineering / Computing,350000,"May 31, 2026",https://nust.edu.pk/admissions/masters/dates-to-remember/,https://nust.edu.pk/admissions/fee-structure/
NUST,Islamabad,School Of Chemical & Materials Engineering,Masters,MS NANOSCIENCE & ENGINEERING,16 years of education in a relevant discipline from an HEC recognized institution,NET (NUST Entry Test) / GAT (where applicable),MS Engineering / Computing,350000,"May 31, 2026",https://nust.edu.pk/admissions/masters/dates-to-remember/,https://nust.edu.pk/admissions/fee-structure/
NUST,Islamabad,School Of Electrical Engineering & Computer Science,Masters,MS IN,16 years of education in a relevant discipline from an HEC recognized institution,NET (NUST Entry Test) / GAT (where applicable),General MS,320000,"May 31, 2026",https://nust.edu.pk/admissions/masters/dates-to-remember/,https://nust.edu.pk/admissions/fee-structure/
NUST,Islamabad,School Of Electrical Engineering & Computer Science,Masters,MS COMPUTER SCIENCE,16 years of education in a relevant discipline from an HEC recognized institution,NET (NUST Entry Test) / GAT (where applicable),MS Engineering / Computing,350000,"May 31, 2026",https://nust.edu.pk/admissions/masters/dates-to-remember/,https://nust.edu.pk/admissions/fee-structure/
NUST,Islamabad,School Of Electrical Engineering & Computer Science,Masters,MS INNOVATIVE TECHNOLOGIES IN LEARNING,16 years of education in a relevant discipline from an HEC recognized institution,NET (NUST Entry Test) / GAT (where applicable),General MS,320000,"May 31, 2026",https://nust.edu.pk/admissions/masters/dates-to-remember/,https://nust.edu.pk/admissions/fee-structure/
NUST,Islamabad,School Of Electrical Engineering & Computer Science,Masters,MS ELECTRICAL ENGINEERING,16 years of education in a relevant discipline from an HEC recognized institution,NET (NUST Entry Test) / GAT (where applicable),MS Engineering / Computing,350000,"May 31, 2026",https://nust.edu.pk/admissions/masters/dates-to-remember/,https://nust.edu.pk/admissions/fee-structure/
NUST,Islamabad,School Of Electrical Engineering & Computer Science,Masters,MS DATA SCIENCE,16 years of education in a relevant discipline from an HEC recognized institution,NET (NUST Entry Test) / GAT (where applicable),MS Engineering / Computing,350000,"May 31, 2026",https://nust.edu.pk/admissions/masters/dates-to-remember/,https://nust.edu.pk/admissions/fee-structure/
NUST,Islamabad,School Of Electrical Engineering & Computer Science,Masters,MS ARTIFICIAL INTELLIGENCE,16 years of education in a relevant discipline from an HEC recognized institution,NET (NUST Entry Test) / GAT (where applicable),MS Engineering / Computing,350000,"May 31, 2026",https://nust.edu.pk/admissions/masters/dates-to-remember/,https://nust.edu.pk/admissions/fee-structure/
NUST,Islamabad,School Of Electrical Engineering & Computer Science,Masters,MS AI & Autonomous Systems,16 years of education in a relevant discipline from an HEC recognized institution,NET (NUST Entry Test) / GAT (where applicable),General MS,320000,"May 31, 2026",https://nust.edu.pk/admissions/masters/dates-to-remember/,https://nust.edu.pk/admissions/fee-structure/
NUST,Islamabad,School Of Mechanical & Manufacturing Engineering,Masters,MS BIOMEDICAL ENGINEERING,16 years of education in a relevant discipline from an HEC recognized institution,NET (NUST Entry Test) / GAT (where applicable),MS Engineering / Computing,350000,"May 31, 2026",https://nust.edu.pk/admissions/masters/dates-to-remember/,https://nust.edu.pk/admissions/fee-structure/
NUST,Islamabad,School Of Mechanical & Manufacturing Engineering,Masters,MS BIOMEDICAL SCIENCES,16 years of education in a relevant discipline from an HEC recognized institution,NET (NUST Entry Test) / GAT (where applicable),General MS,320000,"May 31, 2026",https://nust.edu.pk/admissions/masters/dates-to-remember/,https://nust.edu.pk/admissions/fee-structure/
NUST,Islamabad,School Of Mechanical & Manufacturing Engineering,Masters,MS DESIGN AND MANUFACTURING ENGINEERING,16 years of education in a relevant discipline from an HEC recognized institution,NET (NUST Entry Test) / GAT (where applicable),MS Engineering / Computing,350000,"May 31, 2026",https://nust.edu.pk/admissions/masters/dates-to-remember/,https://nust.edu.pk/admissions/fee-structure/
NUST,Islamabad,School Of Mechanical & Manufacturing Engineering,Masters,MS ROBOTICS AND ARTIFICIAL INTELLIGENCE ENGINEERING,16 years of education in a relevant discipline from an HEC recognized institution,NET (NUST Entry Test) / GAT (where applicable),MS Engineering / Computing,350000,"May 31, 2026",https://nust.edu.pk/admissions/masters/dates-to-remember/,https://nust.edu.pk/admissions/fee-structure/
NUST,Islamabad,School Of Mechanical & Manufacturing Engineering,Masters,MS MECHANICAL ENGINEERING,16 years of education in a relevant discipline from an HEC recognized institution,NET (NUST Entry Test) / GAT (where applicable),MS Engineering / Computing,350000,"May 31, 2026",https://nust.edu.pk/admissions/masters/dates-to-remember/,https://nust.edu.pk/admissions/fee-structure/
NUST,Islamabad,Us-Pakistan Center For Advanced Studies In Energy,Masters,MS ELECTRICAL ENGINEERING (POWER),16 years of education in a relevant discipline from an HEC recognized institution,NET (NUST Entry Test) / GAT (where applicable),MS Engineering / Computing,350000,"May 31, 2026",https://nust.edu.pk/admissions/masters/dates-to-remember/,https://nust.edu.pk/admissions/fee-structure/
NUST,Islamabad,Us-Pakistan Center For Advanced Studies In Energy,Masters,MS THERMAL ENERGY ENGINEERING,16 years of education in a relevant discipline from an HEC recognized institution,NET (NUST Entry Test) / GAT (where applicable),MS Engineering / Computing,350000,"May 31, 2026",https://nust.edu.pk/admissions/masters/dates-to-remember/,https://nust.edu.pk/admissions/fee-structure/
NUST,Islamabad,Us-Pakistan Center For Advanced Studies In Energy,Masters,MS ENERGY SYSTEMS ENGINEERING,16 years of education in a relevant discipline from an HEC recognized institution,NET (NUST Entry Test) / GAT (where applicable),MS Engineering / Computing,350000,"May 31, 2026",https://nust.edu.pk/admissions/masters/dates-to-remember/,https://nust.edu.pk/admissions/fee-structure/
NUST,Islamabad,Us-Pakistan Center For Advanced Studies In Energy,Masters,MS RENEWABLE ENERGY,16 years of education in a relevant discipline from an HEC recognized institution,NET (NUST Entry Test) / GAT (where applicable),General MS,320000,"May 31, 2026",https://nust.edu.pk/admissions/masters/dates-to-remember/,https://nust.edu.pk/admissions/fee-structure/
NUST,Islamabad,"Nust Balochistan Campus, Quetta",Masters,MS COMPUTER SCIENCE,16 years of education in a relevant discipline from an HEC recognized institution,NET (NUST Entry Test) / GAT (where applicable),MS Engineering / Computing,350000,"May 31, 2026",https://nust.edu.pk/admissions/masters/dates-to-remember/,https://nust.edu.pk/admissions/fee-structure/
NUST,Islamabad,"Nust Balochistan Campus, Quetta",Masters,MS MINING ENGINEERING,16 years of education in a relevant discipline from an HEC recognized institution,NET (NUST Entry Test) / GAT (where applicable),MS Engineering / Computing,350000,"May 31, 2026",https://nust.edu.pk/admissions/masters/dates-to-remember/,https://nust.edu.pk/admissions/fee-structure/
NUST,Islamabad,"Nust Balochistan Campus, Quetta",Masters,MS CIVIL ENGINEERING,16 years of education in a relevant discipline from an HEC recognized institution,NET (NUST Entry Test) / GAT (where applicable),MS Engineering / Computing,350000,"May 31, 2026",https://nust.edu.pk/admissions/masters/dates-to-remember/,https://nust.edu.pk/admissions/fee-structure/
NUST,Islamabad,College Of Aeronautical Engineering,Masters,MS ELECTRICAL ENGINEERING,16 years of education in a relevant discipline from an HEC recognized institution,NET (NUST Entry Test) / GAT (where applicable),MS Engineering / Computing,350000,"May 31, 2026",https://nust.edu.pk/admissions/masters/dates-to-remember/,https://nust.edu.pk/admissions/fee-structure/
NUST,Islamabad,College Of Aeronautical Engineering,Masters,MS MECHANICAL ENGINEERING,16 years of education in a relevant discipline from an HEC recognized institution,NET (NUST Entry Test) / GAT (where applicable),MS Engineering / Computing,350000,"May 31, 2026",https://nust.edu.pk/admissions/masters/dates-to-remember/,https://nust.edu.pk/admissions/fee-structure/
NUST,Islamabad,College Of Aeronautical Engineering,Masters,MS ENGINEERING MANAGEMENT,16 years of education in a relevant discipline from an HEC recognized institution,NET (NUST Entry Test) / GAT (where applicable),MS Engineering / Computing,350000,"May 31, 2026",https://nust.edu.pk/admissions/masters/dates-to-remember/,https://nust.edu.pk/admissions/fee-structure/
NUST,Islamabad,College Of Aeronautical Engineering,Masters,MS AEROSPACE ENGINEERING,16 years of education in a relevant discipline from an HEC recognized institution,NET (NUST Entry Test) / GAT (where applicable),MS Engineering / Computing,350000,"May 31, 2026",https://nust.edu.pk/admissions/masters/dates-to-remember/,https://nust.edu.pk/admissions/fee-structure/
NUST,Islamabad,College Of Aeronautical Engineering,Masters,MS AVIONICS ENGINEERING,16 years of education in a relevant discipline from an HEC recognized institution,NET (NUST Entry Test) / GAT (where applicable),MS Engineering / Computing,350000,"May 31, 2026",https://nust.edu.pk/admissions/masters/dates-to-remember/,https://nust.edu.pk/admissions/fee-structure/
NUST,Islamabad,College Of Aeronautical Engineering,Masters,MS AVIATION MANAGEMENT,16 years of education in a relevant discipline from an HEC recognized institution,NET (NUST Entry Test) / GAT (where applicable),MS Business / Management,400000,"May 31, 2026",https://nust.edu.pk/admissions/masters/dates-to-remember/,https://nust.edu.pk/admissions/fee-structure/
NUST,Islamabad,College Of Aeronautical Engineering,Masters,MS INDUSTRIAL AND MANUFACTURING ENGINEERING,16 years of education in a relevant discipline from an HEC recognized institution,NET (NUST Entry Test) / GAT (where applicable),MS Engineering / Computing,350000,"May 31, 2026",https://nust.edu.pk/admissions/masters/dates-to-remember/,https://nust.edu.pk/admissions/fee-structure/
NUST,Islamabad,College Of Electrical & Mechanical Engineering,Masters,MS ELECTRICAL ENGINEERING,16 years of education in a relevant discipline from an HEC recognized institution,NET (NUST Entry Test) / GAT (where applicable),MS Engineering / Computing,350000,"May 31, 2026",https://nust.edu.pk/admissions/masters/dates-to-remember/,https://nust.edu.pk/admissions/fee-structure/
NUST,Islamabad,College Of Electrical & Mechanical Engineering,Masters,MS MECHANICAL ENGINEERING,16 years of education in a relevant discipline from an HEC recognized institution,NET (NUST Entry Test) / GAT (where applicable),MS Engineering / Computing,350000,"May 31, 2026",https://nust.edu.pk/admissions/masters/dates-to-remember/,https://nust.edu.pk/admissions/fee-structure/
NUST,Islamabad,College Of Electrical & Mechanical Engineering,Masters,MS COMPUTER ENGINEERING,16 years of education in a relevant discipline from an HEC recognized institution,NET (NUST Entry Test) / GAT (where applicable),MS Engineering / Computing,350000,"May 31, 2026",https://nust.edu.pk/admissions/masters/dates-to-remember/,https://nust.edu.pk/admissions/fee-structure/
NUST,Islamabad,College Of Electrical & Mechanical Engineering,Masters,MS MECHATRONICS ENGINEERING,16 years of education in a relevant discipline from an HEC recognized institution,NET (NUST Entry Test) / GAT (where applicable),MS Engineering / Computing,350000,"May 31, 2026",https://nust.edu.pk/admissions/masters/dates-to-remember/,https://nust.edu.pk/admissions/fee-structure/
NUST,Islamabad,College Of Electrical & Mechanical Engineering,Masters,MS ENGINEERING MANAGEMENT,16 years of education in a relevant discipline from an HEC recognized institution,NET (NUST Entry Test) / GAT (where applicable),MS Engineering / Computing,350000,"May 31, 2026",https://nust.edu.pk/admissions/masters/dates-to-remember/,https://nust.edu.pk/admissions/fee-structure/
NUST,Islamabad,College Of Electrical & Mechanical Engineering,Masters,MS SOFTWARE ENGINEERING,16 years of education in a relevant discipline from an HEC recognized institution,NET (NUST Entry Test) / GAT (where applicable),MS Engineering / Computing,350000,"May 31, 2026",https://nust.edu.pk/admissions/masters/dates-to-remember/,https://nust.edu.pk/admissions/fee-structure/
NUST,Islamabad,College Of Electrical & Mechanical Engineering,Masters,MS ARTIFICIAL INTELLIGENCE,16 years of education in a relevant discipline from an HEC recognized institution,NET (NUST Entry Test) / GAT (where applicable),MS Engineering / Computing,350000,"May 31, 2026",https://nust.edu.pk/admissions/masters/dates-to-remember/,https://nust.edu.pk/admissions/fee-structure/
NUST,Islamabad,College Of Electrical & Mechanical Engineering,Masters,MS APPLIED MATHEMATICS,16 years of education in a relevant discipline from an HEC recognized institution,NET (NUST Entry Test) / GAT (where applicable),MS Natural Sciences,300000,"May 31, 2026",https://nust.edu.pk/admissions/masters/dates-to-remember/,https://nust.edu.pk/admissions/fee-structure/
NUST,Islamabad,Military College Of Engineering,Masters,MS CONSTRUCTION ENGINEERING AND MANAGEMENT,16 years of education in a relevant discipline from an HEC recognized institution,NET (NUST Entry Test) / GAT (where applicable),MS Engineering / Computing,350000,"May 31, 2026",https://nust.edu.pk/admissions/masters/dates-to-remember/,https://nust.edu.pk/admissions/fee-structure/
NUST,Islamabad,Military College Of Engineering,Masters,MS WATER RESOURCES ENGINEERING & MANAGEMENT,16 years of education in a relevant discipline from an HEC recognized institution,NET (NUST Entry Test) / GAT (where applicable),MS Engineering / Computing,350000,"May 31, 2026",https://nust.edu.pk/admissions/masters/dates-to-remember/,https://nust.edu.pk/admissions/fee-structure/
NUST,Islamabad,Military College Of Engineering,Masters,MS MATHEMATICS,16 years of education in a relevant discipline from an HEC recognized institution,NET (NUST Entry Test) / GAT (where applicable),MS Natural Sciences,300000,"May 31, 2026",https://nust.edu.pk/admissions/masters/dates-to-remember/,https://nust.edu.pk/admissions/fee-structure/
NUST,Islamabad,Military College Of Engineering,Masters,MS DISASTER MANAGEMENT,16 years of education in a relevant discipline from an HEC recognized institution,NET (NUST Entry Test) / GAT (where applicable),MS Business / Management,400000,"May 31, 2026",https://nust.edu.pk/admissions/masters/dates-to-remember/,https://nust.edu.pk/admissions/fee-structure/
NUST,Islamabad,Military College Of Engineering,Masters,MS STRUCTURAL ENGINEERING,16 years of education in a relevant discipline from an HEC recognized institution,NET (NUST Entry Test) / GAT (where applicable),MS Engineering / Computing,350000,"May 31, 2026",https://nust.edu.pk/admissions/masters/dates-to-remember/,https://nust.edu.pk/admissions/fee-structure/
NUST,Islamabad,Military College Of Engineering,Masters,MS TRANSPORTATION ENGINEERING,16 years of education in a relevant discipline from an HEC recognized institution,NET (NUST Entry Test) / GAT (where applicable),MS Engineering / Computing,350000,"May 31, 2026",https://nust.edu.pk/admissions/masters/dates-to-remember/,https://nust.edu.pk/admissions/fee-structure/
NUST,Islamabad,Military College Of Engineering,Masters,MS GEOTECHNICAL ENGINEERING,16 years of education in a relevant discipline from an HEC recognized institution,NET (NUST Entry Test) / GAT (where applicable),MS Engineering / Computing,350000,"May 31, 2026",https://nust.edu.pk/admissions/masters/dates-to-remember/,https://nust.edu.pk/admissions/fee-structure/
NUST,Islamabad,Military College Of Engineering,Masters,MS MINING ENGINEERING,16 years of education in a relevant discipline from an HEC recognized institution,NET (NUST Entry Test) / GAT (where applicable),MS Engineering / Computing,350000,"May 31, 2026",https://nust.edu.pk/admissions/masters/dates-to-remember/,https://nust.edu.pk/admissions/fee-structure/
NUST,Islamabad,Military College Of Engineering,Masters,MS CLIMATE CHANGE AND DISASTER MANAGEMENT,16 years of education in a relevant discipline from an HEC recognized institution,NET (NUST Entry Test) / GAT (where applicable),MS Business / Management,400000,"May 31, 2026",https://nust.edu.pk/admissions/masters/dates-to-remember/,https://nust.edu.pk/admissions/fee-structure/
NUST,Islamabad,Military College Of Signals,Masters,MS COMPUTER SCIENCE,16 years of education in a relevant discipline from an HEC recognized institution,NET (NUST Entry Test) / GAT (where applicable),MS Engineering / Computing,350000,"May 31, 2026",https://nust.edu.pk/admissions/masters/dates-to-remember/,https://nust.edu.pk/admissions/fee-structure/
NUST,Islamabad,Military College Of Signals,Masters,MS ELECTRICAL ENGINEERING,16 years of education in a relevant discipline from an HEC recognized institution,NET (NUST Entry Test) / GAT (where applicable),MS Engineering / Computing,350000,"May 31, 2026",https://nust.edu.pk/admissions/masters/dates-to-remember/,https://nust.edu.pk/admissions/fee-structure/
NUST,Islamabad,Military College Of Signals,Masters,MS IN,16 years of education in a relevant discipline from an HEC recognized institution,NET (NUST Entry Test) / GAT (where applicable),General MS,320000,"May 31, 2026",https://nust.edu.pk/admissions/masters/dates-to-remember/,https://nust.edu.pk/admissions/fee-structure/
NUST,Islamabad,Military College Of Signals,Masters,MS SOFTWARE ENGINEERING,16 years of education in a relevant discipline from an HEC recognized institution,NET (NUST Entry Test) / GAT (where applicable),MS Engineering / Computing,350000,"May 31, 2026",https://nust.edu.pk/admissions/masters/dates-to-remember/,https://nust.edu.pk/admissions/fee-structure/
NUST,Islamabad,Pakistan Navy Engineering College,Masters,MS ELECTRICAL ENGINEERING,16 years of education in a relevant discipline from an HEC recognized institution,NET (NUST Entry Test) / GAT (where applicable),MS Engineering / Computing,350000,"May 31, 2026",https://nust.edu.pk/admissions/masters/dates-to-remember/,https://nust.edu.pk/admissions/fee-structure/
NUST,Islamabad,Pakistan Navy Engineering College,Masters,MS MECHANICAL ENGINEERING,16 years of education in a relevant discipline from an HEC recognized institution,NET (NUST Entry Test) / GAT (where applicable),MS Engineering / Computing,350000,"May 31, 2026",https://nust.edu.pk/admissions/masters/dates-to-remember/,https://nust.edu.pk/admissions/fee-structure/
NUST,Islamabad,Pakistan Navy Engineering College,Masters,MS MANUFACTURING ENGINEERING & MANAGEMENT,16 years of education in a relevant discipline from an HEC recognized institution,NET (NUST Entry Test) / GAT (where applicable),MS Engineering / Computing,350000,"May 31, 2026",https://nust.edu.pk/admissions/masters/dates-to-remember/,https://nust.edu.pk/admissions/fee-structure/
NUST,Islamabad,Pakistan Navy Engineering College,Masters,MS NAVAL ARCHITECTURE,16 years of education in a relevant discipline from an HEC recognized institution,NET (NUST Entry Test) / GAT (where applicable),Architecture / Design,420000,"May 31, 2026",https://nust.edu.pk/admissions/masters/dates-to-remember/,https://nust.edu.pk/admissions/fee-structure/
NUST,Islamabad,Pakistan Navy Engineering College,Masters,MS CYBER SECURITY,16 years of education in a relevant discipline from an HEC recognized institution,NET (NUST Entry Test) / GAT (where applicable),General MS,320000,"May 31, 2026",https://nust.edu.pk/admissions/masters/dates-to-remember/,https://nust.edu.pk/admissions/fee-structure/
NUST,Islamabad,Pakistan Navy Engineering College,Masters,MS DATA SCIENCE,16 years of education in a relevant discipline from an HEC recognized institution,NET (NUST Entry Test) / GAT (where applicable),MS Engineering / Computing,350000,"May 31, 2026",https://nust.edu.pk/admissions/masters/dates-to-remember/,https://nust.edu.pk/admissions/fee-structure/
NUST,Islamabad,Pakistan Navy Engineering College,Masters,MS ARTIFICIAL INTELLIGENCE,16 years of education in a relevant discipline from an HEC recognized institution,NET (NUST Entry Test) / GAT (where applicable),MS Engineering / Computing,350000,"May 31, 2026",https://nust.edu.pk/admissions/masters/dates-to-remember/,https://nust.edu.pk/admissions/fee-structure/
NUST,Islamabad,National Institute Of Transportation,Masters,MS STRUCTURAL ENGINEERING,16 years of education in a relevant discipline from an HEC recognized institution,NET (NUST Entry Test) / GAT (where applicable),MS Engineering / Computing,350000,"May 31, 2026",https://nust.edu.pk/admissions/masters/dates-to-remember/,https://nust.edu.pk/admissions/fee-structure/
NUST,Islamabad,National Institute Of Transportation,Masters,MS TRANSPORTATION ENGINEERING,16 years of education in a relevant discipline from an HEC recognized institution,NET (NUST Entry Test) / GAT (where applicable),MS Engineering / Computing,350000,"May 31, 2026",https://nust.edu.pk/admissions/masters/dates-to-remember/,https://nust.edu.pk/admissions/fee-structure/
NUST,Islamabad,National Institute Of Transportation,Masters,MS GEOTECHNICAL ENGINEERING,16 years of education in a relevant discipline from an HEC recognized institution,NET (NUST Entry Test) / GAT (where applicable),MS Engineering / Computing,350000,"May 31, 2026",https://nust.edu.pk/admissions/masters/dates-to-remember/,https://nust.edu.pk/admissions/fee-structure/
NUST,Islamabad,Institute Of Environmental Sciences & Engineering,Masters,MS ENVIRONMENTAL ENGINEERING,16 years of education in a relevant discipline from an HEC recognized institution,NET (NUST Entry Test) / GAT (where applicable),MS Engineering / Computing,350000,"May 31, 2026",https://nust.edu.pk/admissions/masters/dates-to-remember/,https://nust.edu.pk/admissions/fee-structure/
NUST,Islamabad,Institute Of Environmental Sciences & Engineering,Masters,MS ENVIRONMENTAL SCIENCE,16 years of education in a relevant discipline from an HEC recognized institution,NET (NUST Entry Test) / GAT (where applicable),General MS,320000,"May 31, 2026",https://nust.edu.pk/admissions/masters/dates-to-remember/,https://nust.edu.pk/admissions/fee-structure/
NUST,Islamabad,Nust Institute Of Civil Engineering,Masters,MS CONSTRUCTION ENGINEERING AND MANAGEMENT,16 years of education in a relevant discipline from an HEC recognized institution,NET (NUST Entry Test) / GAT (where applicable),MS Engineering / Computing,350000,"May 31, 2026",https://nust.edu.pk/admissions/masters/dates-to-remember/,https://nust.edu.pk/admissions/fee-structure/
NUST,Islamabad,Nust Institute Of Civil Engineering,Masters,MS URBAN & REGIONAL PLANNING,16 years of education in a relevant discipline from an HEC recognized institution,NET (NUST Entry Test) / GAT (where applicable),General MS,320000,"May 31, 2026",https://nust.edu.pk/admissions/masters/dates-to-remember/,https://nust.edu.pk/admissions/fee-structure/
NUST,Islamabad,Nust Institute Of Civil Engineering,Masters,MS STRUCTURAL ENGINEERING,16 years of education in a relevant discipline from an HEC recognized institution,NET (NUST Entry Test) / GAT (where applicable),MS Engineering / Computing,350000,"May 31, 2026",https://nust.edu.pk/admissions/masters/dates-to-remember/,https://nust.edu.pk/admissions/fee-structure/
NUST,Islamabad,Nust Institute Of Civil Engineering,Masters,MS TRANSPORTATION ENGINEERING,16 years of education in a relevant discipline from an HEC recognized institution,NET (NUST Entry Test) / GAT (where applicable),MS Engineering / Computing,350000,"May 31, 2026",https://nust.edu.pk/admissions/masters/dates-to-remember/,https://nust.edu.pk/admissions/fee-structure/
NUST,Islamabad,Nust Institute Of Civil Engineering,Masters,MS GEOTECHNICAL ENGINEERING,16 years of education in a relevant discipline from an HEC recognized institution,NET (NUST Entry Test) / GAT (where applicable),MS Engineering / Computing,350000,"May 31, 2026",https://nust.edu.pk/admissions/masters/dates-to-remember/,https://nust.edu.pk/admissions/fee-structure/
NUST,Islamabad,Nust Institute Of Civil Engineering,Masters,MS WATER RESOURCES AND HYDROPOWER ENGINEERING,16 years of education in a relevant discipline from an HEC recognized institution,NET (NUST Entry Test) / GAT (where applicable),MS Engineering / Computing,350000,"May 31, 2026",https://nust.edu.pk/admissions/masters/dates-to-remember/,https://nust.edu.pk/admissions/fee-structure/
NUST,Islamabad,Institute Of Geographical Information Systems,Masters,MS REMOTE SENSING AND GEOGRAPHICAL IN,16 years of education in a relevant discipline from an HEC recognized institution,NET (NUST Entry Test) / GAT (where applicable),General MS,320000,"May 31, 2026",https://nust.edu.pk/admissions/masters/dates-to-remember/,https://nust.edu.pk/admissions/fee-structure/
NUST,Islamabad,Nust Business School,Masters,MASTERS IN BUSINESS ADMINISTRATION (MBA),16 years of education in a relevant discipline from an HEC recognized institution,NET (NUST Entry Test) / GAT (where applicable),MS Business / Management,400000,"May 31, 2026",https://nust.edu.pk/admissions/masters/dates-to-remember/,https://nust.edu.pk/admissions/fee-structure/
NUST,Islamabad,Nust Business School,Masters,MS HUMAN RESOURCE MANAGEMENT,16 years of education in a relevant discipline from an HEC recognized institution,NET (NUST Entry Test) / GAT (where applicable),MS Business / Management,400000,"May 31, 2026",https://nust.edu.pk/admissions/masters/dates-to-remember/,https://nust.edu.pk/admissions/fee-structure/
NUST,Islamabad,Nust Business School,Masters,MS INNOVATION AND ENTREPRENEURSHIP,16 years of education in a relevant discipline from an HEC recognized institution,NET (NUST Entry Test) / GAT (where applicable),General MS,320000,"May 31, 2026",https://nust.edu.pk/admissions/masters/dates-to-remember/,https://nust.edu.pk/admissions/fee-structure/
NUST,Islamabad,Nust Business School,Masters,MS LOGISTICS & SUPPLY CHAIN MANAGEMENT,16 years of education in a relevant discipline from an HEC recognized institution,NET (NUST Entry Test) / GAT (where applicable),MS Business / Management,400000,"May 31, 2026",https://nust.edu.pk/admissions/masters/dates-to-remember/,https://nust.edu.pk/admissions/fee-structure/
NUST,Islamabad,Nust Business School,Masters,MS MARKETING,16 years of education in a relevant discipline from an HEC recognized institution,NET (NUST Entry Test) / GAT (where applicable),General MS,320000,"May 31, 2026",https://nust.edu.pk/admissions/masters/dates-to-remember/,https://nust.edu.pk/admissions/fee-structure/
NUST,Islamabad,"School Of Art, Design & Architecture",Masters,MASTERS IN ARCHITECTURAL DESIGN,16 years of education in a relevant discipline from an HEC recognized institution,NET (NUST Entry Test) / GAT (where applicable),Architecture / Design,420000,"May 31, 2026",https://nust.edu.pk/admissions/masters/dates-to-remember/,https://nust.edu.pk/admissions/fee-structure/
NUST,Islamabad,Centre For International Peace & Stability,Masters,MS PEACE & CONFLICT STUDIES,16 years of education in a relevant discipline from an HEC recognized institution,NET (NUST Entry Test) / GAT (where applicable),General MS,320000,"May 31, 2026",https://nust.edu.pk/admissions/masters/dates-to-remember/,https://nust.edu.pk/admissions/fee-structure/
NUST,Islamabad,Centre For International Peace & Stability,Masters,MS STRATEGIC STUDIES,16 years of education in a relevant discipline from an HEC recognized institution,NET (NUST Entry Test) / GAT (where applicable),General MS,320000,"May 31, 2026",https://nust.edu.pk/admissions/masters/dates-to-remember/,https://nust.edu.pk/admissions/fee-structure/
NUST,Islamabad,Centre For International Peace & Stability,Masters,MS INTERNATIONAL RELATIONS,16 years of education in a relevant discipline from an HEC recognized institution,NET (NUST Entry Test) / GAT (where applicable),General MS,320000,"May 31, 2026",https://nust.edu.pk/admissions/masters/dates-to-remember/,https://nust.edu.pk/admissions/fee-structure/
NUST,Islamabad,Nust Institute Of Peace & Conflict Studies,Masters,MS PEACE & CONFLICT STUDIES,16 years of education in a relevant discipline from an HEC recognized institution,NET (NUST Entry Test) / GAT (where applicable),General MS,320000,"May 31, 2026",https://nust.edu.pk/admissions/masters/dates-to-remember/,https://nust.edu.pk/admissions/fee-structure/
NUST,Islamabad,School Of Social Sciences & Humanities,Masters,MS INNOVATIVE TECHNOLOGIES IN LEARNING,16 years of education in a relevant discipline from an HEC recognized institution,NET (NUST Entry Test) / GAT (where applicable),General MS,320000,"May 31, 2026",https://nust.edu.pk/admissions/masters/dates-to-remember/,https://nust.edu.pk/admissions/fee-structure/
NUST,Islamabad,School Of Social Sciences & Humanities,Masters,MS CAREER COUNSELING and EDUCATION,16 years of education in a relevant discipline from an HEC recognized institution,NET (NUST Entry Test) / GAT (where applicable),General MS,320000,"May 31, 2026",https://nust.edu.pk/admissions/masters/dates-to-remember/,https://nust.edu.pk/admissions/fee-structure/
NUST,Islamabad,School Of Social Sciences & Humanities,Masters,MS ECONOMICS,16 years of education in a relevant discipline from an HEC recognized institution,NET (NUST Entry Test) / GAT (where applicable),MS Business / Management,400000,"May 31, 2026",https://nust.edu.pk/admissions/masters/dates-to-remember/,https://nust.edu.pk/admissions/fee-structure/
NUST,Islamabad,School Of Social Sciences & Humanities,Masters,MS CLINICAL PSYCHOLOGY,16 years of education in a relevant discipline from an HEC recognized institution,NET (NUST Entry Test) / GAT (where applicable),General MS,320000,"May 31, 2026",https://nust.edu.pk/admissions/masters/dates-to-remember/,https://nust.edu.pk/admissions/fee-structure/
NUST,Islamabad,School Of Social Sciences & Humanities,Masters,MS MASS COMMUNICATION,16 years of education in a relevant discipline from an HEC recognized institution,NET (NUST Entry Test) / GAT (where applicable),General MS,320000,"May 31, 2026",https://nust.edu.pk/admissions/masters/dates-to-remember/,https://nust.edu.pk/admissions/fee-structure/
NUST,Islamabad,School Of Social Sciences & Humanities,Masters,MS DEVELOPMENT STUDIES,16 years of education in a relevant discipline from an HEC recognized institution,NET (NUST Entry Test) / GAT (where applicable),General MS,320000,"May 31, 2026",https://nust.edu.pk/admissions/masters/dates-to-remember/,https://nust.edu.pk/admissions/fee-structure/
NUST,Islamabad,School Of Social Sciences & Humanities,Masters,MS GOVERNANCE & PUBLIC POLICY,16 years of education in a relevant discipline from an HEC recognized institution,NET (NUST Entry Test) / GAT (where applicable),General MS,320000,"May 31, 2026",https://nust.edu.pk/admissions/masters/dates-to-remember/,https://nust.edu.pk/admissions/fee-structure/
NUST,Islamabad,Atta-Ur-Rahman School Of Applied Bio Sciences,Masters,MS HEALTHCARE BIOTECHNOLOGY,16 years of education in a relevant discipline from an HEC recognized institution,NET (NUST Entry Test) / GAT (where applicable),General MS,320000,"May 31, 2026",https://nust.edu.pk/admissions/masters/dates-to-remember/,https://nust.edu.pk/admissions/fee-structure/
NUST,Islamabad,Atta-Ur-Rahman School Of Applied Bio Sciences,Masters,MS INDUSTRIAL BIOTECHNOLOGY,16 years of education in a relevant discipline from an HEC recognized institution,NET (NUST Entry Test) / GAT (where applicable),General MS,320000,"May 31, 2026",https://nust.edu.pk/admissions/masters/dates-to-remember/,https://nust.edu.pk/admissions/fee-structure/
NUST,Islamabad,Atta-Ur-Rahman School Of Applied Bio Sciences,Masters,MS PLANT BIOTECHNOLOGY,16 years of education in a relevant discipline from an HEC recognized institution,NET (NUST Entry Test) / GAT (where applicable),General MS,320000,"May 31, 2026",https://nust.edu.pk/admissions/masters/dates-to-remember/,https://nust.edu.pk/admissions/fee-structure/
NUST,Islamabad,Atta-Ur-Rahman School Of Applied Bio Sciences,Masters,MS MOLECULAR MEDICINE,16 years of education in a relevant discipline from an HEC recognized institution,NET (NUST Entry Test) / GAT (where applicable),General MS,320000,"May 31, 2026",https://nust.edu.pk/admissions/masters/dates-to-remember/,https://nust.edu.pk/admissions/fee-structure/
NUST,Islamabad,School Of Natural Sciences,Masters,MS MATHEMATICS,16 years of education in a relevant discipline from an HEC recognized institution,NET (NUST Entry Test) / GAT (where applicable),MS Natural Sciences,300000,"May 31, 2026",https://nust.edu.pk/admissions/masters/dates-to-remember/,https://nust.edu.pk/admissions/fee-structure/
NUST,Islamabad,School Of Natural Sciences,Masters,MS PHYSICS,16 years of education in a relevant discipline from an HEC recognized institution,NET (NUST Entry Test) / GAT (where applicable),MS Natural Sciences,300000,"May 31, 2026",https://nust.edu.pk/admissions/masters/dates-to-remember/,https://nust.edu.pk/admissions/fee-structure/
NUST,Islamabad,School Of Natural Sciences,Masters,MS CHEMISTRY,16 years of education in a relevant discipline from an HEC recognized institution,NET (NUST Entry Test) / GAT (where applicable),MS Natural Sciences,300000,"May 31, 2026",https://nust.edu.pk/admissions/masters/dates-to-remember/,https://nust.edu.pk/admissions/fee-structure/
NUST,Islamabad,School Of  Interdisciplinary Engineering & Sciences,Masters,MS COMPUTATIONAL SCIENCE AND ENGINEERING,16 years of education in a relevant discipline from an HEC recognized institution,NET (NUST Entry Test) / GAT (where applicable),MS Engineering / Computing,350000,"May 31, 2026",https://nust.edu.pk/admissions/masters/dates-to-remember/,https://nust.edu.pk/admissions/fee-structure/
NUST,Islamabad,School Of  Interdisciplinary Engineering & Sciences,Masters,MS BIOIN,16 years of education in a relevant discipline from an HEC recognized institution,NET (NUST Entry Test) / GAT (where applicable),General MS,320000,"May 31, 2026",https://nust.edu.pk/admissions/masters/dates-to-remember/,https://nust.edu.pk/admissions/fee-structure/
NUST,Islamabad,School Of  Interdisciplinary Engineering & Sciences,Masters,MS SYSTEMS ENGINEERING,16 years of education in a relevant discipline from an HEC recognized institution,NET (NUST Entry Test) / GAT (where applicable),MS Engineering / Computing,350000,"May 31, 2026",https://nust.edu.pk/admissions/masters/dates-to-remember/,https://nust.edu.pk/admissions/fee-structure/
NUST,Islamabad,School Of  Interdisciplinary Engineering & Sciences,Masters,MS CLIMATE CHANGE & SUSTAINABLE DEVELOPMENT,16 years of education in a relevant discipline from an HEC recognized institution,NET (NUST Entry Test) / GAT (where applicable),General MS,320000,"May 31, 2026",https://nust.edu.pk/admissions/masters/dates-to-remember/,https://nust.edu.pk/admissions/fee-structure/
NUST,Islamabad,School Of Civil & Environmental Engineering,PhD,PHD URBAN & REGIONAL PLANNING,MS/MPhil (18 years of education) in a relevant discipline from an HEC recognized institution,NET (PhD) / GAT (Subject) / Interview,General PhD,380000,"June 30, 2026",https://nust.edu.pk/admissions/phd/phd-admission-dates-to-remember/,https://nust.edu.pk/admissions/fee-structure/
NUST,Islamabad,School Of Civil & Environmental Engineering,PhD,PHD CONSTRUCTION ENGINEERING AND MANAGEMENT,MS/MPhil (18 years of education) in a relevant discipline from an HEC recognized institution,NET (PhD) / GAT (Subject) / Interview,PhD Engineering / Computing,400000,"June 30, 2026",https://nust.edu.pk/admissions/phd/phd-admission-dates-to-remember/,https://nust.edu.pk/admissions/fee-structure/
NUST,Islamabad,School Of Civil & Environmental Engineering,PhD,PHD REMOTE SENSING AND GEOGRAPHICAL IN,MS/MPhil (18 years of education) in a relevant discipline from an HEC recognized institution,NET (PhD) / GAT (Subject) / Interview,General PhD,380000,"June 30, 2026",https://nust.edu.pk/admissions/phd/phd-admission-dates-to-remember/,https://nust.edu.pk/admissions/fee-structure/
NUST,Islamabad,School Of Civil & Environmental Engineering,PhD,PHD ENVIRONMENTAL ENGINEERING,MS/MPhil (18 years of education) in a relevant discipline from an HEC recognized institution,NET (PhD) / GAT (Subject) / Interview,PhD Engineering / Computing,400000,"June 30, 2026",https://nust.edu.pk/admissions/phd/phd-admission-dates-to-remember/,https://nust.edu.pk/admissions/fee-structure/
NUST,Islamabad,School Of Civil & Environmental Engineering,PhD,PHD ENVIRONMENTAL SCIENCE,MS/MPhil (18 years of education) in a relevant discipline from an HEC recognized institution,NET (PhD) / GAT (Subject) / Interview,General PhD,380000,"June 30, 2026",https://nust.edu.pk/admissions/phd/phd-admission-dates-to-remember/,https://nust.edu.pk/admissions/fee-structure/
NUST,Islamabad,School Of Civil & Environmental Engineering,PhD,PHD STRUCTURAL ENGINEERING,MS/MPhil (18 years of education) in a relevant discipline from an HEC recognized institution,NET (PhD) / GAT (Subject) / Interview,PhD Engineering / Computing,400000,"June 30, 2026",https://nust.edu.pk/admissions/phd/phd-admission-dates-to-remember/,https://nust.edu.pk/admissions/fee-structure/
NUST,Islamabad,School Of Civil & Environmental Engineering,PhD,PHD GEOTECHNICAL ENGINEERING,MS/MPhil (18 years of education) in a relevant discipline from an HEC recognized institution,NET (PhD) / GAT (Subject) / Interview,PhD Engineering / Computing,400000,"June 30, 2026",https://nust.edu.pk/admissions/phd/phd-admission-dates-to-remember/,https://nust.edu.pk/admissions/fee-structure/
NUST,Islamabad,School Of Civil & Environmental Engineering,PhD,PHD TRANSPORTATION ENGINEERING,MS/MPhil (18 years of education) in a relevant discipline from an HEC recognized institution,NET (PhD) / GAT (Subject) / Interview,PhD Engineering / Computing,400000,"June 30, 2026",https://nust.edu.pk/admissions/phd/phd-admission-dates-to-remember/,https://nust.edu.pk/admissions/fee-structure/
NUST,Islamabad,School Of Civil & Environmental Engineering,PhD,PhD WATER RESOURCES AND HYDROPOWER ENGINEERING,MS/MPhil (18 years of education) in a relevant discipline from an HEC recognized institution,NET (PhD) / GAT (Subject) / Interview,PhD Engineering / Computing,400000,"June 30, 2026",https://nust.edu.pk/admissions/phd/phd-admission-dates-to-remember/,https://nust.edu.pk/admissions/fee-structure/
NUST,Islamabad,School Of Chemical & Materials Engineering,PhD,PHD MATERIALS AND SURFACE ENGINEERING,MS/MPhil (18 years of education) in a relevant discipline from an HEC recognized institution,NET (PhD) / GAT (Subject) / Interview,PhD Engineering / Computing,400000,"June 30, 2026",https://nust.edu.pk/admissions/phd/phd-admission-dates-to-remember/,https://nust.edu.pk/admissions/fee-structure/
NUST,Islamabad,School Of Chemical & Materials Engineering,PhD,PHD CHEMICAL ENGINEERING,MS/MPhil (18 years of education) in a relevant discipline from an HEC recognized institution,NET (PhD) / GAT (Subject) / Interview,PhD Engineering / Computing,400000,"June 30, 2026",https://nust.edu.pk/admissions/phd/phd-admission-dates-to-remember/,https://nust.edu.pk/admissions/fee-structure/
NUST,Islamabad,School Of Chemical & Materials Engineering,PhD,PHD NANOSCIENCE & ENGINEERING,MS/MPhil (18 years of education) in a relevant discipline from an HEC recognized institution,NET (PhD) / GAT (Subject) / Interview,PhD Engineering / Computing,400000,"June 30, 2026",https://nust.edu.pk/admissions/phd/phd-admission-dates-to-remember/,https://nust.edu.pk/admissions/fee-structure/
NUST,Islamabad,School Of Electrical Engineering & Computer Science,PhD,PHD IN,MS/MPhil (18 years of education) in a relevant discipline from an HEC recognized institution,NET (PhD) / GAT (Subject) / Interview,General PhD,380000,"June 30, 2026",https://nust.edu.pk/admissions/phd/phd-admission-dates-to-remember/,https://nust.edu.pk/admissions/fee-structure/
NUST,Islamabad,School Of Electrical Engineering & Computer Science,PhD,PHD ELECTRICAL ENGINEERING,MS/MPhil (18 years of education) in a relevant discipline from an HEC recognized institution,NET (PhD) / GAT (Subject) / Interview,PhD Engineering / Computing,400000,"June 30, 2026",https://nust.edu.pk/admissions/phd/phd-admission-dates-to-remember/,https://nust.edu.pk/admissions/fee-structure/
NUST,Islamabad,School Of Electrical Engineering & Computer Science,PhD,PHD COMPUTER SCIENCE,MS/MPhil (18 years of education) in a relevant discipline from an HEC recognized institution,NET (PhD) / GAT (Subject) / Interview,PhD Engineering / Computing,400000,"June 30, 2026",https://nust.edu.pk/admissions/phd/phd-admission-dates-to-remember/,https://nust.edu.pk/admissions/fee-structure/
NUST,Islamabad,School Of Electrical Engineering & Computer Science,PhD,PhD ARTIFICIAL INTELLIGENCE,MS/MPhil (18 years of education) in a relevant discipline from an HEC recognized institution,NET (PhD) / GAT (Subject) / Interview,PhD Engineering / Computing,400000,"June 30, 2026",https://nust.edu.pk/admissions/phd/phd-admission-dates-to-remember/,https://nust.edu.pk/admissions/fee-structure/
NUST,Islamabad,School Of Electrical Engineering & Computer Science,PhD,PhD AI & AUTONOMOUS SYSTEMS,MS/MPhil (18 years of education) in a relevant discipline from an HEC recognized institution,NET (PhD) / GAT (Subject) / Interview,General PhD,380000,"June 30, 2026",https://nust.edu.pk/admissions/phd/phd-admission-dates-to-remember/,https://nust.edu.pk/admissions/fee-structure/
NUST,Islamabad,School Of Mechanical & Manufacturing Engineering,PhD,PHD DESIGN AND MANUFACTURING ENGINEERING,MS/MPhil (18 years of education) in a relevant discipline from an HEC recognized institution,NET (PhD) / GAT (Subject) / Interview,PhD Engineering / Computing,400000,"June 30, 2026",https://nust.edu.pk/admissions/phd/phd-admission-dates-to-remember/,https://nust.edu.pk/admissions/fee-structure/
NUST,Islamabad,School Of Mechanical & Manufacturing Engineering,PhD,PHD ROBOTICS AND ARTIFICIAL INTELLIGENCE ENGINEERING,MS/MPhil (18 years of education) in a relevant discipline from an HEC recognized institution,NET (PhD) / GAT (Subject) / Interview,PhD Engineering / Computing,400000,"June 30, 2026",https://nust.edu.pk/admissions/phd/phd-admission-dates-to-remember/,https://nust.edu.pk/admissions/fee-structure/
NUST,Islamabad,School Of Mechanical & Manufacturing Engineering,PhD,PHD MECHANICAL ENGINEERING,MS/MPhil (18 years of education) in a relevant discipline from an HEC recognized institution,NET (PhD) / GAT (Subject) / Interview,PhD Engineering / Computing,400000,"June 30, 2026",https://nust.edu.pk/admissions/phd/phd-admission-dates-to-remember/,https://nust.edu.pk/admissions/fee-structure/
NUST,Islamabad,School Of Mechanical & Manufacturing Engineering,PhD,PHD BIOMEDICAL ENGINEERING,MS/MPhil (18 years of education) in a relevant discipline from an HEC recognized institution,NET (PhD) / GAT (Subject) / Interview,PhD Engineering / Computing,400000,"June 30, 2026",https://nust.edu.pk/admissions/phd/phd-admission-dates-to-remember/,https://nust.edu.pk/admissions/fee-structure/
NUST,Islamabad,School Of Mechanical & Manufacturing Engineering,PhD,PHD BIOMEDICAL SCIENCES,MS/MPhil (18 years of education) in a relevant discipline from an HEC recognized institution,NET (PhD) / GAT (Subject) / Interview,General PhD,380000,"June 30, 2026",https://nust.edu.pk/admissions/phd/phd-admission-dates-to-remember/,https://nust.edu.pk/admissions/fee-structure/
NUST,Islamabad,Us-Pakistan Center For Advanced Studies In Energy,PhD,PHD ENERGY SYSTEMS ENGINEERING,MS/MPhil (18 years of education) in a relevant discipline from an HEC recognized institution,NET (PhD) / GAT (Subject) / Interview,PhD Engineering / Computing,400000,"June 30, 2026",https://nust.edu.pk/admissions/phd/phd-admission-dates-to-remember/,https://nust.edu.pk/admissions/fee-structure/
NUST,Islamabad,Us-Pakistan Center For Advanced Studies In Energy,PhD,PHD THERMAL ENERGY ENGINEERING,MS/MPhil (18 years of education) in a relevant discipline from an HEC recognized institution,NET (PhD) / GAT (Subject) / Interview,PhD Engineering / Computing,400000,"June 30, 2026",https://nust.edu.pk/admissions/phd/phd-admission-dates-to-remember/,https://nust.edu.pk/admissions/fee-structure/
NUST,Islamabad,Us-Pakistan Center For Advanced Studies In Energy,PhD,PHD ELECTRICAL ENGINEERING (POWER),MS/MPhil (18 years of education) in a relevant discipline from an HEC recognized institution,NET (PhD) / GAT (Subject) / Interview,PhD Engineering / Computing,400000,"June 30, 2026",https://nust.edu.pk/admissions/phd/phd-admission-dates-to-remember/,https://nust.edu.pk/admissions/fee-structure/
NUST,Islamabad,"Nust Balochistan Campus, Quetta",PhD,PHD COMPUTER SCIENCE,MS/MPhil (18 years of education) in a relevant discipline from an HEC recognized institution,NET (PhD) / GAT (Subject) / Interview,PhD Engineering / Computing,400000,"June 30, 2026",https://nust.edu.pk/admissions/phd/phd-admission-dates-to-remember/,https://nust.edu.pk/admissions/fee-structure/
NUST,Islamabad,"Nust Balochistan Campus, Quetta",PhD,PhD MINING ENGINEERING,MS/MPhil (18 years of education) in a relevant discipline from an HEC recognized institution,NET (PhD) / GAT (Subject) / Interview,PhD Engineering / Computing,400000,"June 30, 2026",https://nust.edu.pk/admissions/phd/phd-admission-dates-to-remember/,https://nust.edu.pk/admissions/fee-structure/
NUST,Islamabad,"Nust Balochistan Campus, Quetta",PhD,PHD CIVIL ENGINEERING,MS/MPhil (18 years of education) in a relevant discipline from an HEC recognized institution,NET (PhD) / GAT (Subject) / Interview,PhD Engineering / Computing,400000,"June 30, 2026",https://nust.edu.pk/admissions/phd/phd-admission-dates-to-remember/,https://nust.edu.pk/admissions/fee-structure/
NUST,Islamabad,College Of Aeronautical Engineering,PhD,PHD ELECTRICAL ENGINEERING,MS/MPhil (18 years of education) in a relevant discipline from an HEC recognized institution,NET (PhD) / GAT (Subject) / Interview,PhD Engineering / Computing,400000,"June 30, 2026",https://nust.edu.pk/admissions/phd/phd-admission-dates-to-remember/,https://nust.edu.pk/admissions/fee-structure/
NUST,Islamabad,College Of Aeronautical Engineering,PhD,PHD MECHANICAL ENGINEERING,MS/MPhil (18 years of education) in a relevant discipline from an HEC recognized institution,NET (PhD) / GAT (Subject) / Interview,PhD Engineering / Computing,400000,"June 30, 2026",https://nust.edu.pk/admissions/phd/phd-admission-dates-to-remember/,https://nust.edu.pk/admissions/fee-structure/
NUST,Islamabad,College Of Aeronautical Engineering,PhD,PHD AEROSPACE ENGINEERING,MS/MPhil (18 years of education) in a relevant discipline from an HEC recognized institution,NET (PhD) / GAT (Subject) / Interview,PhD Engineering / Computing,400000,"June 30, 2026",https://nust.edu.pk/admissions/phd/phd-admission-dates-to-remember/,https://nust.edu.pk/admissions/fee-structure/
NUST,Islamabad,College Of Aeronautical Engineering,PhD,PHD AVIONICS ENGINEERING,MS/MPhil (18 years of education) in a relevant discipline from an HEC recognized institution,NET (PhD) / GAT (Subject) / Interview,PhD Engineering / Computing,400000,"June 30, 2026",https://nust.edu.pk/admissions/phd/phd-admission-dates-to-remember/,https://nust.edu.pk/admissions/fee-structure/
NUST,Islamabad,College Of Electrical & Mechanical Engineering,PhD,PHD ELECTRICAL ENGINEERING,MS/MPhil (18 years of education) in a relevant discipline from an HEC recognized institution,NET (PhD) / GAT (Subject) / Interview,PhD Engineering / Computing,400000,"June 30, 2026",https://nust.edu.pk/admissions/phd/phd-admission-dates-to-remember/,https://nust.edu.pk/admissions/fee-structure/
NUST,Islamabad,College Of Electrical & Mechanical Engineering,PhD,PHD MECHANICAL ENGINEERING,MS/MPhil (18 years of education) in a relevant discipline from an HEC recognized institution,NET (PhD) / GAT (Subject) / Interview,PhD Engineering / Computing,400000,"June 30, 2026",https://nust.edu.pk/admissions/phd/phd-admission-dates-to-remember/,https://nust.edu.pk/admissions/fee-structure/
NUST,Islamabad,College Of Electrical & Mechanical Engineering,PhD,PHD COMPUTER ENGINEERING,MS/MPhil (18 years of education) in a relevant discipline from an HEC recognized institution,NET (PhD) / GAT (Subject) / Interview,PhD Engineering / Computing,400000,"June 30, 2026",https://nust.edu.pk/admissions/phd/phd-admission-dates-to-remember/,https://nust.edu.pk/admissions/fee-structure/
NUST,Islamabad,College Of Electrical & Mechanical Engineering,PhD,PHD MECHATRONICS ENGINEERING,MS/MPhil (18 years of education) in a relevant discipline from an HEC recognized institution,NET (PhD) / GAT (Subject) / Interview,PhD Engineering / Computing,400000,"June 30, 2026",https://nust.edu.pk/admissions/phd/phd-admission-dates-to-remember/,https://nust.edu.pk/admissions/fee-structure/
NUST,Islamabad,College Of Electrical & Mechanical Engineering,PhD,PHD ENGINEERING MANAGEMENT,MS/MPhil (18 years of education) in a relevant discipline from an HEC recognized institution,NET (PhD) / GAT (Subject) / Interview,PhD Engineering / Computing,400000,"June 30, 2026",https://nust.edu.pk/admissions/phd/phd-admission-dates-to-remember/,https://nust.edu.pk/admissions/fee-structure/
NUST,Islamabad,College Of Electrical & Mechanical Engineering,PhD,PHD SOFTWARE ENGINEERING,MS/MPhil (18 years of education) in a relevant discipline from an HEC recognized institution,NET (PhD) / GAT (Subject) / Interview,PhD Engineering / Computing,400000,"June 30, 2026",https://nust.edu.pk/admissions/phd/phd-admission-dates-to-remember/,https://nust.edu.pk/admissions/fee-structure/
NUST,Islamabad,College Of Electrical & Mechanical Engineering,PhD,PHD APPLIED MATHEMATICS,MS/MPhil (18 years of education) in a relevant discipline from an HEC recognized institution,NET (PhD) / GAT (Subject) / Interview,PhD Natural Sciences,350000,"June 30, 2026",https://nust.edu.pk/admissions/phd/phd-admission-dates-to-remember/,https://nust.edu.pk/admissions/fee-structure/
NUST,Islamabad,Military College Of Engineering,PhD,PHD CONSTRUCTION ENGINEERING AND MANAGEMENT,MS/MPhil (18 years of education) in a relevant discipline from an HEC recognized institution,NET (PhD) / GAT (Subject) / Interview,PhD Engineering / Computing,400000,"June 30, 2026",https://nust.edu.pk/admissions/phd/phd-admission-dates-to-remember/,https://nust.edu.pk/admissions/fee-structure/
NUST,Islamabad,Military College Of Engineering,PhD,PHD STRUCTURAL ENGINEERING,MS/MPhil (18 years of education) in a relevant discipline from an HEC recognized institution,NET (PhD) / GAT (Subject) / Interview,PhD Engineering / Computing,400000,"June 30, 2026",https://nust.edu.pk/admissions/phd/phd-admission-dates-to-remember/,https://nust.edu.pk/admissions/fee-structure/
NUST,Islamabad,Military College Of Engineering,PhD,PHD WATER RESOURCES ENGINEERING & MANAGEMENT,MS/MPhil (18 years of education) in a relevant discipline from an HEC recognized institution,NET (PhD) / GAT (Subject) / Interview,PhD Engineering / Computing,400000,"June 30, 2026",https://nust.edu.pk/admissions/phd/phd-admission-dates-to-remember/,https://nust.edu.pk/admissions/fee-structure/
NUST,Islamabad,Military College Of Engineering,PhD,PHD MATHEMATICS,MS/MPhil (18 years of education) in a relevant discipline from an HEC recognized institution,NET (PhD) / GAT (Subject) / Interview,PhD Natural Sciences,350000,"June 30, 2026",https://nust.edu.pk/admissions/phd/phd-admission-dates-to-remember/,https://nust.edu.pk/admissions/fee-structure/
NUST,Islamabad,Military College Of Engineering,PhD,PHD GEOTECHNICAL ENGINEERING,MS/MPhil (18 years of education) in a relevant discipline from an HEC recognized institution,NET (PhD) / GAT (Subject) / Interview,PhD Engineering / Computing,400000,"June 30, 2026",https://nust.edu.pk/admissions/phd/phd-admission-dates-to-remember/,https://nust.edu.pk/admissions/fee-structure/
NUST,Islamabad,Military College Of Engineering,PhD,PHD TRANSPORTATION ENGINEERING,MS/MPhil (18 years of education) in a relevant discipline from an HEC recognized institution,NET (PhD) / GAT (Subject) / Interview,PhD Engineering / Computing,400000,"June 30, 2026",https://nust.edu.pk/admissions/phd/phd-admission-dates-to-remember/,https://nust.edu.pk/admissions/fee-structure/
NUST,Islamabad,Military College Of Engineering,PhD,PhD MINING ENGINEERING,MS/MPhil (18 years of education) in a relevant discipline from an HEC recognized institution,NET (PhD) / GAT (Subject) / Interview,PhD Engineering / Computing,400000,"June 30, 2026",https://nust.edu.pk/admissions/phd/phd-admission-dates-to-remember/,https://nust.edu.pk/admissions/fee-structure/
NUST,Islamabad,Military College Of Signals,PhD,PHD ELECTRICAL ENGINEERING,MS/MPhil (18 years of education) in a relevant discipline from an HEC recognized institution,NET (PhD) / GAT (Subject) / Interview,PhD Engineering / Computing,400000,"June 30, 2026",https://nust.edu.pk/admissions/phd/phd-admission-dates-to-remember/,https://nust.edu.pk/admissions/fee-structure/
NUST,Islamabad,Military College Of Signals,PhD,PHD IN,MS/MPhil (18 years of education) in a relevant discipline from an HEC recognized institution,NET (PhD) / GAT (Subject) / Interview,General PhD,380000,"June 30, 2026",https://nust.edu.pk/admissions/phd/phd-admission-dates-to-remember/,https://nust.edu.pk/admissions/fee-structure/
NUST,Islamabad,Military College Of Signals,PhD,PHD COMPUTER SCIENCE,MS/MPhil (18 years of education) in a relevant discipline from an HEC recognized institution,NET (PhD) / GAT (Subject) / Interview,PhD Engineering / Computing,400000,"June 30, 2026",https://nust.edu.pk/admissions/phd/phd-admission-dates-to-remember/,https://nust.edu.pk/admissions/fee-structure/
NUST,Islamabad,Military College Of Signals,PhD,PHD SOFTWARE ENGINEERING,MS/MPhil (18 years of education) in a relevant discipline from an HEC recognized institution,NET (PhD) / GAT (Subject) / Interview,PhD Engineering / Computing,400000,"June 30, 2026",https://nust.edu.pk/admissions/phd/phd-admission-dates-to-remember/,https://nust.edu.pk/admissions/fee-structure/
NUST,Islamabad,Pakistan Navy Engineering College,PhD,PHD ELECTRICAL ENGINEERING,MS/MPhil (18 years of education) in a relevant discipline from an HEC recognized institution,NET (PhD) / GAT (Subject) / Interview,PhD Engineering / Computing,400000,"June 30, 2026",https://nust.edu.pk/admissions/phd/phd-admission-dates-to-remember/,https://nust.edu.pk/admissions/fee-structure/
NUST,Islamabad,Pakistan Navy Engineering College,PhD,PHD MECHANICAL ENGINEERING,MS/MPhil (18 years of education) in a relevant discipline from an HEC recognized institution,NET (PhD) / GAT (Subject) / Interview,PhD Engineering / Computing,400000,"June 30, 2026",https://nust.edu.pk/admissions/phd/phd-admission-dates-to-remember/,https://nust.edu.pk/admissions/fee-structure/
NUST,Islamabad,Pakistan Navy Engineering College,PhD,PHD MANUFACTURING ENGINEERING & MANAGEMENT,MS/MPhil (18 years of education) in a relevant discipline from an HEC recognized institution,NET (PhD) / GAT (Subject) / Interview,PhD Engineering / Computing,400000,"June 30, 2026",https://nust.edu.pk/admissions/phd/phd-admission-dates-to-remember/,https://nust.edu.pk/admissions/fee-structure/
NUST,Islamabad,National Institute Of Transportation,PhD,PHD STRUCTURAL ENGINEERING,MS/MPhil (18 years of education) in a relevant discipline from an HEC recognized institution,NET (PhD) / GAT (Subject) / Interview,PhD Engineering / Computing,400000,"June 30, 2026",https://nust.edu.pk/admissions/phd/phd-admission-dates-to-remember/,https://nust.edu.pk/admissions/fee-structure/
NUST,Islamabad,National Institute Of Transportation,PhD,PHD GEOTECHNICAL ENGINEERING,MS/MPhil (18 years of education) in a relevant discipline from an HEC recognized institution,NET (PhD) / GAT (Subject) / Interview,PhD Engineering / Computing,400000,"June 30, 2026",https://nust.edu.pk/admissions/phd/phd-admission-dates-to-remember/,https://nust.edu.pk/admissions/fee-structure/
NUST,Islamabad,National Institute Of Transportation,PhD,PHD TRANSPORTATION ENGINEERING,MS/MPhil (18 years of education) in a relevant discipline from an HEC recognized institution,NET (PhD) / GAT (Subject) / Interview,PhD Engineering / Computing,400000,"June 30, 2026",https://nust.edu.pk/admissions/phd/phd-admission-dates-to-remember/,https://nust.edu.pk/admissions/fee-structure/
NUST,Islamabad,Institute Of Environmental Sciences & Engineering,PhD,PHD ENVIRONMENTAL ENGINEERING,MS/MPhil (18 years of education) in a relevant discipline from an HEC recognized institution,NET (PhD) / GAT (Subject) / Interview,PhD Engineering / Computing,400000,"June 30, 2026",https://nust.edu.pk/admissions/phd/phd-admission-dates-to-remember/,https://nust.edu.pk/admissions/fee-structure/
NUST,Islamabad,Institute Of Environmental Sciences & Engineering,PhD,PHD ENVIRONMENTAL SCIENCE,MS/MPhil (18 years of education) in a relevant discipline from an HEC recognized institution,NET (PhD) / GAT (Subject) / Interview,General PhD,380000,"June 30, 2026",https://nust.edu.pk/admissions/phd/phd-admission-dates-to-remember/,https://nust.edu.pk/admissions/fee-structure/
NUST,Islamabad,Nust Institute Of Civil Engineering,PhD,PHD URBAN & REGIONAL PLANNING,MS/MPhil (18 years of education) in a relevant discipline from an HEC recognized institution,NET (PhD) / GAT (Subject) / Interview,General PhD,380000,"June 30, 2026",https://nust.edu.pk/admissions/phd/phd-admission-dates-to-remember/,https://nust.edu.pk/admissions/fee-structure/
NUST,Islamabad,Nust Institute Of Civil Engineering,PhD,PHD CONSTRUCTION ENGINEERING AND MANAGEMENT,MS/MPhil (18 years of education) in a relevant discipline from an HEC recognized institution,NET (PhD) / GAT (Subject) / Interview,PhD Engineering / Computing,400000,"June 30, 2026",https://nust.edu.pk/admissions/phd/phd-admission-dates-to-remember/,https://nust.edu.pk/admissions/fee-structure/
NUST,Islamabad,Nust Institute Of Civil Engineering,PhD,PHD STRUCTURAL ENGINEERING,MS/MPhil (18 years of education) in a relevant discipline from an HEC recognized institution,NET (PhD) / GAT (Subject) / Interview,PhD Engineering / Computing,400000,"June 30, 2026",https://nust.edu.pk/admissions/phd/phd-admission-dates-to-remember/,https://nust.edu.pk/admissions/fee-structure/
NUST,Islamabad,Nust Institute Of Civil Engineering,PhD,PHD GEOTECHNICAL ENGINEERING,MS/MPhil (18 years of education) in a relevant discipline from an HEC recognized institution,NET (PhD) / GAT (Subject) / Interview,PhD Engineering / Computing,400000,"June 30, 2026",https://nust.edu.pk/admissions/phd/phd-admission-dates-to-remember/,https://nust.edu.pk/admissions/fee-structure/
NUST,Islamabad,Nust Institute Of Civil Engineering,PhD,PHD TRANSPORTATION ENGINEERING,MS/MPhil (18 years of education) in a relevant discipline from an HEC recognized institution,NET (PhD) / GAT (Subject) / Interview,PhD Engineering / Computing,400000,"June 30, 2026",https://nust.edu.pk/admissions/phd/phd-admission-dates-to-remember/,https://nust.edu.pk/admissions/fee-structure/
NUST,Islamabad,Nust Institute Of Civil Engineering,PhD,PhD WATER RESOURCES AND HYDROPOWER ENGINEERING,MS/MPhil (18 years of education) in a relevant discipline from an HEC recognized institution,NET (PhD) / GAT (Subject) / Interview,PhD Engineering / Computing,400000,"June 30, 2026",https://nust.edu.pk/admissions/phd/phd-admission-dates-to-remember/,https://nust.edu.pk/admissions/fee-structure/
NUST,Islamabad,Institute Of Geographical Information Systems,PhD,PHD REMOTE SENSING AND GEOGRAPHICAL IN,MS/MPhil (18 years of education) in a relevant discipline from an HEC recognized institution,NET (PhD) / GAT (Subject) / Interview,General PhD,380000,"June 30, 2026",https://nust.edu.pk/admissions/phd/phd-admission-dates-to-remember/,https://nust.edu.pk/admissions/fee-structure/
NUST,Islamabad,Nust Business School,PhD,PHD BUSINESS ADMINISTRATION,MS/MPhil (18 years of education) in a relevant discipline from an HEC recognized institution,NET (PhD) / GAT (Subject) / Interview,PhD Business / Management,450000,"June 30, 2026",https://nust.edu.pk/admissions/phd/phd-admission-dates-to-remember/,https://nust.edu.pk/admissions/fee-structure/
NUST,Islamabad,Centre For International Peace & Stability,PhD,PHD PEACE & CONFLICT STUDIES,MS/MPhil (18 years of education) in a relevant discipline from an HEC recognized institution,NET (PhD) / GAT (Subject) / Interview,General PhD,380000,"June 30, 2026",https://nust.edu.pk/admissions/phd/phd-admission-dates-to-remember/,https://nust.edu.pk/admissions/fee-structure/
NUST,Islamabad,Centre For International Peace & Stability,PhD,PhD INTERNATIONAL RELATIONS,MS/MPhil (18 years of education) in a relevant discipline from an HEC recognized institution,NET (PhD) / GAT (Subject) / Interview,General PhD,380000,"June 30, 2026",https://nust.edu.pk/admissions/phd/phd-admission-dates-to-remember/,https://nust.edu.pk/admissions/fee-structure/
NUST,Islamabad,Nust Institute Of Peace & Conflict Studies,PhD,PHD PEACE & CONFLICT STUDIES,MS/MPhil (18 years of education) in a relevant discipline from an HEC recognized institution,NET (PhD) / GAT (Subject) / Interview,General PhD,380000,"June 30, 2026",https://nust.edu.pk/admissions/phd/phd-admission-dates-to-remember/,https://nust.edu.pk/admissions/fee-structure/
NUST,Islamabad,School Of Social Sciences & Humanities,PhD,PHD PSYCHOLOGY,MS/MPhil (18 years of education) in a relevant discipline from an HEC recognized institution,NET (PhD) / GAT (Subject) / Interview,General PhD,380000,"June 30, 2026",https://nust.edu.pk/admissions/phd/phd-admission-dates-to-remember/,https://nust.edu.pk/admissions/fee-structure/
NUST,Islamabad,School Of Social Sciences & Humanities,PhD,PHD ECONOMICS,MS/MPhil (18 years of education) in a relevant discipline from an HEC recognized institution,NET (PhD) / GAT (Subject) / Interview,PhD Business / Management,450000,"June 30, 2026",https://nust.edu.pk/admissions/phd/phd-admission-dates-to-remember/,https://nust.edu.pk/admissions/fee-structure/
NUST,Islamabad,School Of Social Sciences & Humanities,PhD,PHD DEVELOPMENT STUDIES,MS/MPhil (18 years of education) in a relevant discipline from an HEC recognized institution,NET (PhD) / GAT (Subject) / Interview,General PhD,380000,"June 30, 2026",https://nust.edu.pk/admissions/phd/phd-admission-dates-to-remember/,https://nust.edu.pk/admissions/fee-structure/
NUST,Islamabad,Atta-Ur-Rahman School Of Applied Bio Sciences,PhD,PHD APPLIED BIOSCIENCES,MS/MPhil (18 years of education) in a relevant discipline from an HEC recognized institution,NET (PhD) / GAT (Subject) / Interview,PhD Natural Sciences,350000,"June 30, 2026",https://nust.edu.pk/admissions/phd/phd-admission-dates-to-remember/,https://nust.edu.pk/admissions/fee-structure/
NUST,Islamabad,School Of Natural Sciences,PhD,PHD MATHEMATICS,MS/MPhil (18 years of education) in a relevant discipline from an HEC recognized institution,NET (PhD) / GAT (Subject) / Interview,PhD Natural Sciences,350000,"June 30, 2026",https://nust.edu.pk/admissions/phd/phd-admission-dates-to-remember/,https://nust.edu.pk/admissions/fee-structure/
NUST,Islamabad,School Of Natural Sciences,PhD,PHD PHYSICS,MS/MPhil (18 years of education) in a relevant discipline from an HEC recognized institution,NET (PhD) / GAT (Subject) / Interview,PhD Natural Sciences,350000,"June 30, 2026",https://nust.edu.pk/admissions/phd/phd-admission-dates-to-remember/,https://nust.edu.pk/admissions/fee-structure/
NUST,Islamabad,School Of Natural Sciences,PhD,PHD CHEMISTRY,MS/MPhil (18 years of education) in a relevant discipline from an HEC recognized institution,NET (PhD) / GAT (Subject) / Interview,PhD Natural Sciences,350000,"June 30, 2026",https://nust.edu.pk/admissions/phd/phd-admission-dates-to-remember/,https://nust.edu.pk/admissions/fee-structure/
NUST,Islamabad,School Of Natural Sciences,PhD,PHD STATISTICS,MS/MPhil (18 years of education) in a relevant discipline from an HEC recognized institution,NET (PhD) / GAT (Subject) / Interview,General PhD,380000,"June 30, 2026",https://nust.edu.pk/admissions/phd/phd-admission-dates-to-remember/,https://nust.edu.pk/admissions/fee-structure/
NUST,Islamabad,School Of  Interdisciplinary Engineering & Sciences,PhD,PHD COMPUTATIONAL SCIENCE AND ENGINEERING,MS/MPhil (18 years of education) in a relevant discipline from an HEC recognized institution,NET (PhD) / GAT (Subject) / Interview,PhD Engineering / Computing,400000,"June 30, 2026",https://nust.edu.pk/admissions/phd/phd-admission-dates-to-remember/,https://nust.edu.pk/admissions/fee-structure/
NUST,Islamabad,School Of  Interdisciplinary Engineering & Sciences,PhD,PHD BIOIN,MS/MPhil (18 years of education) in a relevant discipline from an HEC recognized institution,NET (PhD) / GAT (Subject) / Interview,General PhD,380000,"June 30, 2026",https://nust.edu.pk/admissions/phd/phd-admission-dates-to-remember/,https://nust.edu.pk/admissions/fee-structure/
NUST,Islamabad,School Of  Interdisciplinary Engineering & Sciences,PhD,PHD CLIMATE CHANGE & SUSTAINABLE DEVELOPMENT,MS/MPhil (18 years of education) in a relevant discipline from an HEC recognized institution,NET (PhD) / GAT (Subject) / Interview,General PhD,380000,"June 30, 2026",https://nust.edu.pk/admissions/phd/phd-admission-dates-to-remember/,https://nust.edu.pk/admissions/fee-structure/
