Institute,City,Degree,Program,Duration,Eligibility,Admission Test,Fee (PKR per semester),Fee Per Credit Hour (PKR),Program URL,Fee URL,Admission Deadline
University of Central Punjab,Lahore,BS,Bachelors of Computer Science,4 Years,At least 50% marks in F.Sc (Pre-Engineering / Pre-Medical) / ICS / A-Levels with Mathematics or equivalent,UCP Admission Test,258100,15540,https://ucp.edu.pk/faculty-of-information-technology-and-computer-science/programmes/undergraduate/bs-cs-2/,https://ucp.edu.pk/admissions/fee-structure/,September 2025 (Fall Intake)
University of Central Punjab,Lahore,BS,Bachelors of Science in Software Engineering,4 Years,At least 50% marks in F.Sc (Pre-Engineering / Pre-Medical) / ICS / A-Levels with Mathematics or equivalent,UCP Admission Test,258100,15540,https://ucp.edu.pk/faculty-of-information-technology-and-computer-science/programmes/undergraduate/bs-software-engineering/,https://ucp.edu.pk/admissions/fee-structure/,September 2025 (Fall Intake)
University of Central Punjab,Lahore,BS,Bachelor of Business Administration,4 Years,At least 50% marks in F.Sc (Pre-Engineering / Pre-Medical) / ICS / A-Levels with Mathematics or equivalent,UCP Admission Test,258100,15540,https://ucp.edu.pk/faculty-of-management-sciences/ucp-business-school/programmes/undergraduate/bba/,https://ucp.edu.pk/admissions/fee-structure/,September 2025 (Fall Intake)
University of Central Punjab,Lahore,BS,Bachelor of Science in Accounting & Finance,4 Years,At least 50% marks in F.Sc (Pre-Engineering / Pre-Medical) / ICS / A-Levels with Mathematics or equivalent,UCP Admission Test,258100,15540,https://ucp.edu.pk/faculty-of-management-sciences/ucp-business-school/programmes/undergraduate/bs-accounting-finance/,https://ucp.edu.pk/admissions/fee-structure/,September 2025 (Fall Intake)
University of Central Punjab,Lahore,BS,BS International Relations,4 Years,At least 50% marks in F.Sc (Pre-Engineering / Pre-Medical) / ICS / A-Levels with Mathematics or equivalent,UCP Admission Test,258100,15540,https://ucp.edu.pk/faculty-of-humanities-and-social-sciences/department-of-politics-and-international-relations/programmes/undergraduate/bs-international-relations/,https://ucp.edu.pk/admissions/fee-structure/,September 2025 (Fall Intake)
University of Central Punjab,Lahore,BS,BS Psychology,4 Years,At least 50% marks in F.Sc (Pre-Engineering / Pre-Medical) / ICS / A-Levels with Mathematics or equivalent,UCP Admission Test,258100,15540,https://ucp.edu.pk/faculty-of-humanities-and-social-sciences/department-of-psychology/programmes/undergraduate/bs-psychology/,https://ucp.edu.pk/admissions/fee-structure/,September 2025 (Fall Intake)
University of Central Punjab,Lahore,BS,BS English Language and Literature,4 Years,At least 50% marks in F.Sc (Pre-Engineering / Pre-Medical) / ICS / A-Levels with Mathematics or equivalent,UCP Admission Test,258100,15540,https://ucp.edu.pk/faculty-of-languages-literature/programmes/undergraduate/bs-english-language-and-literature/,https://ucp.edu.pk/admissions/fee-structure/,September 2025 (Fall Intake)
University of Central Punjab,Lahore,BS,BS Economics,4 Years,At least 50% marks in F.Sc (Pre-Engineering / Pre-Medical) / ICS / A-Levels with Mathematics or equivalent,UCP Admission Test,258100,15540,https://ucp.edu.pk/faculty-of-humanities-and-social-sciences/department-of-economics/programmes/undergraduate/bs-economics-2/,https://ucp.edu.pk/admissions/fee-structure/,September 2025 (Fall Intake)
University of Central Punjab,Lahore,BS,Doctor of Pharmacy,5 Years,At least 50% marks in F.Sc (Pre-Engineering / Pre-Medical) / ICS / A-Levels with Mathematics or equivalent,UCP Admission Test,258100,15540,https://ucp.edu.pk/faculty-of-pharmacy/programmes/undergraduate/pharm-d/,https://ucp.edu.pk/admissions/fee-structure/,September 2025 (Fall Intake)
University of Central Punjab,Lahore,BS,BS Biochemistry,4 Years,At least 50% marks in F.Sc (Pre-Engineering / Pre-Medical) / ICS / A-Levels with Mathematics or equivalent,UCP Admission Test,258100,15540,https://ucp.edu.pk/faculty-of-science-technology/programmes/undergraduate/bs-biochemistry/,https://ucp.edu.pk/admissions/fee-structure/,September 2025 (Fall Intake)
University of Central Punjab,Lahore,BS,BS Microbiology,4 Years,At least 50% marks in F.Sc (Pre-Engineering / Pre-Medical) / ICS / A-Levels with Mathematics or equivalent,UCP Admission Test,258100,15540,https://ucp.edu.pk/faculty-of-science-technology/programmes/undergraduate/bs-microbiology/,https://ucp.edu.pk/admissions/fee-structure/,September 2025 (Fall Intake)
University of Central Punjab,Lahore,BS,BS Biotechnology,4 Years,At least 50% marks in F.Sc (Pre-Engineering / Pre-Medical) / ICS / A-Levels with Mathematics or equivalent,UCP Admission Test,258100,15540,https://ucp.edu.pk/faculty-of-science-technology/programmes/undergraduate/bs-biotechnology/,https://ucp.edu.pk/admissions/fee-structure/,September 2025 (Fall Intake)
University of Central Punjab,Lahore,BS,BS Food Science and Technology,4 Years,At least 50% marks in F.Sc (Pre-Engineering / Pre-Medical) / ICS / A-Levels with Mathematics or equivalent,UCP Admission Test,258100,15540,https://ucp.edu.pk/faculty-of-science-technology/programmes/undergraduate/bs-food-science-technology/,https://ucp.edu.pk/admissions/fee-structure/,September 2025 (Fall Intake)
University of Central Punjab,Lahore,BS,BS Physics,4 Years,At least 50% marks in F.Sc (Pre-Engineering / Pre-Medical) / ICS / A-Levels with Mathematics or equivalent,UCP Admission Test,258100,15540,https://ucp.edu.pk/faculty-of-sciences/programmes/undergraduate/bs-physics/,https://ucp.edu.pk/admissions/fee-structure/,September 2025 (Fall Intake)
University of Central Punjab,Lahore,BS,BS Chemistry,4 Years,At least 50% marks in F.Sc (Pre-Engineering / Pre-Medical) / ICS / A-Levels with Mathematics or equivalent,UCP Admission Test,258100,15540,https://ucp.edu.pk/faculty-of-sciences/programmes/undergraduate/bs-chemistry/,https://ucp.edu.pk/admissions/fee-structure/,September 2025 (Fall Intake)
University of Central Punjab,Lahore,BS,BS Mathematics,4 Years,At least 50% marks in F.Sc (Pre-Engineering / Pre-Medical) / ICS / A-Levels with Mathematics or equivalent,UCP Admission Test,258100,15540,https://ucp.edu.pk/faculty-of-sciences/programmes/undergraduate/bs-mathematics/,https://ucp.edu.pk/admissions/fee-structure/,September 2025 (Fall Intake)
University of Central Punjab,Lahore,BS,BS Zoology,4 Years,At least 50% marks in F.Sc (Pre-Engineering / Pre-Medical) / ICS / A-Levels with Mathematics or equivalent,UCP Admission Test,258100,15540,https://ucp.edu.pk/faculty-of-sciences/programmes/undergraduate/bs-zoology/,https://ucp.edu.pk/admissions/fee-structure/,September 2025 (Fall Intake)
University of Central Punjab,Lahore,BS,BS Media and Communication Studies,4 Years,At least 50% marks in F.Sc (Pre-Engineering / Pre-Medical) / ICS / A-Levels with Mathematics or equivalent,UCP Admission Test,258100,15540,https://ucp.edu.pk/faculty-of-media-and-mass-communication/programmes/undergraduate/bs-honors/,https://ucp.edu.pk/admissions/fee-structure/,September 2025 (Fall Intake)
University of Central Punjab,Lahore,BS,BS Data Science,4 Years,At least 50% marks in F.Sc (Pre-Engineering / Pre-Medical) / ICS / A-Levels with Mathematics or equivalent,UCP Admission Test,258100,15540,https://ucp.edu.pk/faculty-of-information-technology-and-computer-science/programmes/undergraduate/bs-data-science/,https://ucp.edu.pk/admissions/fee-structure/,September 2025 (Fall Intake)
University of Central Punjab,Lahore,BS,BS Business Analytics,4 Years,At least 50% marks in F.Sc (Pre-Engineering / Pre-Medical) / ICS / A-Levels with Mathematics or equivalent,UCP Admission Test,258100,15540,https://ucp.edu.pk/faculty-of-management-sciences/bs-business-analytics/,https://ucp.edu.pk/admissions/fee-structure/,September 2025 (Fall Intake)
University of Central Punjab,Lahore,BS,BS Real Estate Management,4 Years,At least 50% marks in F.Sc (Pre-Engineering / Pre-Medical) / ICS / A-Levels with Mathematics or equivalent,UCP Admission Test,258100,15540,https://ucp.edu.pk/faculty-of-management-sciences/ucp-business-school/programmes/undergraduate/bs-real-estate-management/,https://ucp.edu.pk/admissions/fee-structure/,September 2025 (Fall Intake)
University of Central Punjab,Lahore,BS,BS Medical Laboratory Technology,4 Years,At least 50% marks in F.Sc (Pre-Engineering / Pre-Medical) / ICS / A-Levels with Mathematics or equivalent,UCP Admission Test,258100,15540,https://ucp.edu.pk/faculty-of-science-technology/programmes/undergraduate/bs-medical-laboratory-technology/,https://ucp.edu.pk/admissions/fee-structure/,September 2025 (Fall Intake)
University of Central Punjab,Lahore,BS,BS Artificial Intelligence,4 Years,At least 50% marks in F.Sc (Pre-Engineering / Pre-Medical) / ICS / A-Levels with Mathematics or equivalent,UCP Admission Test,258100,15540,https://ucp.edu.pk/faculty-of-information-technology-and-computer-science/programmes/undergraduate/bs-artificial-intelligence-2/,https://ucp.edu.pk/admissions/fee-structure/,September 2025 (Fall Intake)
University of Central Punjab,Lahore,BS,BS Political Science,4 Years,At least 50% marks in F.Sc (Pre-Engineering / Pre-Medical) / ICS / A-Levels with Mathematics or equivalent,UCP Admission Test,258100,15540,https://ucp.edu.pk/faculty-of-humanities-and-social-sciences/department-of-economics/programmes/undergraduate/bs-political-science/,https://ucp.edu.pk/admissions/fee-structure/,September 2025 (Fall Intake)
University of Central Punjab,Lahore,BS,"BS Film, TV & Digital Media",4 Years,At least 50% marks in F.Sc (Pre-Engineering / Pre-Medical) / ICS / A-Levels with Mathematics or equivalent,UCP Admission Test,258100,15540,https://ucp.edu.pk/faculty-of-media-and-mass-communication/programmes/undergraduate/bs-film-tv-digital-media/,https://ucp.edu.pk/admissions/fee-structure/,September 2025 (Fall Intake)
University of Central Punjab,Lahore,BS,BS Audit And Taxation,4 Years,At least 50% marks in F.Sc (Pre-Engineering / Pre-Medical) / ICS / A-Levels with Mathematics or equivalent,UCP Admission Test,258100,15540,https://ucp.edu.pk/faculty-of-management-sciences/ucp-business-school/programmes/undergraduate/bs-audit-and-taxation/,https://ucp.edu.pk/admissions/fee-structure/,September 2025 (Fall Intake)
University of Central Punjab,Lahore,BS,BS Human Nutrition and Dietetics,4 Years,At least 50% marks in F.Sc (Pre-Engineering / Pre-Medical) / ICS / A-Levels with Mathematics or equivalent,UCP Admission Test,258100,15540,https://ucp.edu.pk/faculty-of-science-technology/programmes/undergraduate/bs-human-nutrition-dietetics/,https://ucp.edu.pk/admissions/fee-structure/,September 2025 (Fall Intake)
University of Central Punjab,Lahore,BS,BS Robotics & Intelligent Systems,4 Years,At least 50% marks in F.Sc (Pre-Engineering / Pre-Medical) / ICS / A-Levels with Mathematics or equivalent,UCP Admission Test,258100,15540,https://ucp.edu.pk/faculty-of-engineering/programmes-2/undergraduate/bs-robotics-intelligent-systems/,https://ucp.edu.pk/admissions/fee-structure/,September 2025 (Fall Intake)
University of Central Punjab,Lahore,BS,BS Accounting and Finance - Post ADP,4 Years,At least 50% marks in F.Sc (Pre-Engineering / Pre-Medical) / ICS / A-Levels with Mathematics or equivalent,UCP Admission Test,258100,15540,https://ucp.edu.pk/adp/bs-accounting-finance-post-adp/,https://ucp.edu.pk/admissions/fee-structure/,September 2025 (Fall Intake)
University of Central Punjab,Lahore,BS,BS Computer Science - Post ADP,4 Years,At least 50% marks in F.Sc (Pre-Engineering / Pre-Medical) / ICS / A-Levels with Mathematics or equivalent,UCP Admission Test,258100,15540,https://ucp.edu.pk/faculty-of-information-technology-and-computer-science/programmes/postgraduate/bs-computer-science-post-adp-2/,https://ucp.edu.pk/admissions/fee-structure/,September 2025 (Fall Intake)
University of Central Punjab,Lahore,BS,BS Chemistry - Post ADP,4 Years,At least 50% marks in F.Sc (Pre-Engineering / Pre-Medical) / ICS / A-Levels with Mathematics or equivalent,UCP Admission Test,258100,15540,https://ucp.edu.pk/postgraduate/bs-chemistry-post-ads/,https://ucp.edu.pk/admissions/fee-structure/,September 2025 (Fall Intake)
University of Central Punjab,Lahore,BS,BS Mathematics - Post ADP,4 Years,At least 50% marks in F.Sc (Pre-Engineering / Pre-Medical) / ICS / A-Levels with Mathematics or equivalent,UCP Admission Test,258100,15540,https://ucp.edu.pk/postgraduate/bs-mathematics-post-ads/,https://ucp.edu.pk/admissions/fee-structure/,September 2025 (Fall Intake)
University of Central Punjab,Lahore,BS,BS Cyber Security,4 Years,At least 50% marks in F.Sc (Pre-Engineering / Pre-Medical) / ICS / A-Levels with Mathematics or equivalent,UCP Admission Test,258100,15540,https://ucp.edu.pk/faculty-of-information-technology-and-computer-science/programmes/undergraduate/bs-cyber-security-2/,https://ucp.edu.pk/admissions/fee-structure/,September 2025 (Fall Intake)
University of Central Punjab,Lahore,BS,BS Economics with Data Science,4 Years,At least 50% marks in F.Sc (Pre-Engineering / Pre-Medical) / ICS / A-Levels with Mathematics or equivalent,UCP Admission Test,258100,15540,https://ucp.edu.pk/faculty-of-humanities-and-social-sciences/department-of-economics/bs-economics-with-data-science/,https://ucp.edu.pk/admissions/fee-structure/,September 2025 (Fall Intake)
University of Central Punjab,Lahore,BS,BS FinTech (Financial Technology),4 Years,At least 50% marks in F.Sc (Pre-Engineering / Pre-Medical) / ICS / A-Levels with Mathematics or equivalent,UCP Admission Test,258100,15540,https://ucp.edu.pk/faculty-of-management-sciences/ucp-business-school/programmes/undergraduate/bs-fintech-financial-technology/,https://ucp.edu.pk/admissions/fee-structure/,September 2025 (Fall Intake)
University of Central Punjab,Lahore,BS,BS Digital Marketing (BSDM),4 Years,At least 50% marks in F.Sc (Pre-Engineering / Pre-Medical) / ICS / A-Levels with Mathematics or equivalent,UCP Admission Test,258100,15540,https://ucp.edu.pk/faculty-of-management-sciences/ucp-business-school/programmes/undergraduate/bs-digital-marketing-bsdm/,https://ucp.edu.pk/admissions/fee-structure/,September 2025 (Fall Intake)
University of Central Punjab,Lahore,MS,Offered Programs,2 Years,"16 years education in relevant discipline, minimum CGPA 2.5",GAT / UCP Admission Test and Interview,220000,22000,https://ucp.edu.pk/admissions/offered-programs-fall-2025/,https://ucp.edu.pk/admissions/fee-structure/,September 2025 (Fall Intake)
University of Central Punjab,Lahore,MS,International Programs,2 Years,"16 years education in relevant discipline, minimum CGPA 2.5",GAT / UCP Admission Test and Interview,220000,22000,https://ucp.edu.pk/university-of-leicester/international-degree-program-application-form/,https://ucp.edu.pk/admissions/fee-structure/,September 2025 (Fall Intake)
University of Central Punjab,Lahore,MBA,MBA-Business Graduates,2 Years,"Bachelor’s degree, interview required",UCP Admission Test and Interview,250000,25000,https://ucp.edu.pk/faculty-of-management-sciences/ucp-business-school/programmes/postgraduate/mba/,https://ucp.edu.pk/admissions/fee-structure/,September 2025 (Fall Intake)
University of Central Punjab,Lahore,MBA,MBA-Non Business Graduates,2 Years,"Bachelor’s degree, interview required",UCP Admission Test and Interview,250000,25000,https://ucp.edu.pk/faculty-of-management-sciences/school-of-accounting-and-finance/programmes/postgraduate/mba-non-business-graduates/,https://ucp.edu.pk/admissions/fee-structure/,September 2025 (Fall Intake)
University of Central Punjab,Lahore,MBA,Executive MBA,2 Years,"Bachelor’s degree, interview required",UCP Admission Test and Interview,250000,25000,https://ucp.edu.pk/faculty-of-management-sciences/school-of-accounting-and-finance/programmes/postgraduate/emba/,https://ucp.edu.pk/admissions/fee-structure/,September 2025 (Fall Intake)
University of Central Punjab,Lahore,MS,MS Business Administration,2 Years,"16 years education in relevant discipline, minimum CGPA 2.5",GAT / UCP Admission Test and Interview,220000,22000,https://ucp.edu.pk/faculty-of-management-sciences/ucp-business-school/programmes/postgraduate/ms-business-administration/,https://ucp.edu.pk/admissions/fee-structure/,September 2025 (Fall Intake)
University of Central Punjab,Lahore,MS,MS Accounting & Finance,2 Years,"16 years education in relevant discipline, minimum CGPA 2.5",GAT / UCP Admission Test and Interview,220000,22000,https://ucp.edu.pk/faculty-of-management-sciences/ucp-business-school/programmes/postgraduate/ms-accounting-finance/,https://ucp.edu.pk/admissions/fee-structure/,September 2025 (Fall Intake)
University of Central Punjab,Lahore,PHD,PhD Business Administration,3–5 Years,"MS / MPhil degree in relevant field, minimum CGPA 3.0",GAT / Subject Test and Interview,250000,25000,https://ucp.edu.pk/faculty-of-management-sciences/ucp-business-school/programmes/doctoral/phd-business-administration/,https://ucp.edu.pk/admissions/fee-structure/,September 2025 (Fall Intake)
University of Central Punjab,Lahore,PHD,PhD Accounting & Finance,3–5 Years,"MS / MPhil degree in relevant field, minimum CGPA 3.0",GAT / Subject Test and Interview,250000,25000,https://ucp.edu.pk/faculty-of-management-sciences/school-of-accounting-and-finance/programmes/doctoral/phd-accounting-finance/,https://ucp.edu.pk/admissions/fee-structure/,September 2025 (Fall Intake)
University of Central Punjab,Lahore,MS,MS Computer Science,2 Years,"16 years education in relevant discipline, minimum CGPA 2.5",GAT / UCP Admission Test and Interview,220000,22000,https://ucp.edu.pk/faculty-of-information-technology-and-computer-science/programmes/postgraduate/mscs/,https://ucp.edu.pk/admissions/fee-structure/,September 2025 (Fall Intake)
University of Central Punjab,Lahore,MS,MS Software Engineering,2 Years,"16 years education in relevant discipline, minimum CGPA 2.5",GAT / UCP Admission Test and Interview,220000,22000,https://ucp.edu.pk/faculty-of-information-technology-and-computer-science/programmes/postgraduate/ms-software-engineering/,https://ucp.edu.pk/admissions/fee-structure/,September 2025 (Fall Intake)
University of Central Punjab,Lahore,MS,MS Data Science,2 Years,"16 years education in relevant discipline, minimum CGPA 2.5",GAT / UCP Admission Test and Interview,220000,22000,https://ucp.edu.pk/faculty-of-information-technology-and-computer-science/programmes/postgraduate/ms-data-science-2/,https://ucp.edu.pk/admissions/fee-structure/,September 2025 (Fall Intake)
University of Central Punjab,Lahore,PHD,PhD Computer Science,3–5 Years,"MS / MPhil degree in relevant field, minimum CGPA 3.0",GAT / Subject Test and Interview,250000,25000,https://ucp.edu.pk/faculty-of-information-technology-and-computer-science/programmes/doctoral/phd-computer-science/,https://ucp.edu.pk/admissions/fee-structure/,September 2025 (Fall Intake)
University of Central Punjab,Lahore,MS,MS Civil Engineering,2 Years,"16 years education in relevant discipline, minimum CGPA 2.5",GAT / UCP Admission Test and Interview,220000,22000,https://ucp.edu.pk/faculty-of-engineering/department-civil-engineering/programmes/postgraduate/ms-civil-engineering/,https://ucp.edu.pk/admissions/fee-structure/,September 2025 (Fall Intake)
University of Central Punjab,Lahore,PHD,PhD Electrical Engineering,3–5 Years,"MS / MPhil degree in relevant field, minimum CGPA 3.0",GAT / Subject Test and Interview,250000,25000,https://ucp.edu.pk/faculty-of-engineering/programmes-2/doctoral/ph-d-electrical-engineering/,https://ucp.edu.pk/admissions/fee-structure/,September 2025 (Fall Intake)
University of Central Punjab,Lahore,PHD,PhD Mechanical Engineering,3–5 Years,"MS / MPhil degree in relevant field, minimum CGPA 3.0",GAT / Subject Test and Interview,250000,25000,https://ucp.edu.pk/faculty-of-engineering/department-civil-engineering/programmes/postgraduate/phd-mechanical-engineering/,https://ucp.edu.pk/admissions/fee-structure/,September 2025 (Fall Intake)
University of Central Punjab,Lahore,PHD,PhD Civil Engineering,3–5 Years,"MS / MPhil degree in relevant field, minimum CGPA 3.0",GAT / Subject Test and Interview,250000,25000,https://ucp.edu.pk/faculty-of-engineering/department-civil-engineering/programmes/postgraduate/phd-civil-engineering/,https://ucp.edu.pk/admissions/fee-structure/,September 2025 (Fall Intake)
University of Central Punjab,Lahore,MS,MS Clinical Psychology,2 Years,"16 years education in relevant discipline, minimum CGPA 2.5",GAT / UCP Admission Test and Interview,220000,22000,https://ucp.edu.pk/faculty-of-humanities-and-social-sciences/department-of-psychology/programmes/postgraduate/ms-psychology/,https://ucp.edu.pk/admissions/fee-structure/,September 2025 (Fall Intake)
University of Central Punjab,Lahore,MS,MS/M.Phil. Economics,2 Years,"16 years education in relevant discipline, minimum CGPA 2.5",GAT / UCP Admission Test and Interview,220000,22000,https://ucp.edu.pk/faculty-of-humanities-and-social-sciences/department-of-economics/programmes/postgraduate/msm-phil-economics/,https://ucp.edu.pk/admissions/fee-structure/,September 2025 (Fall Intake)
University of Central Punjab,Lahore,PHD,PhD Psychology,3–5 Years,"MS / MPhil degree in relevant field, minimum CGPA 3.0",GAT / Subject Test and Interview,250000,25000,https://ucp.edu.pk/faculty-of-humanities-and-social-sciences/department-of-psychology/programmes/doctoral/phd-psychology/,https://ucp.edu.pk/admissions/fee-structure/,September 2025 (Fall Intake)
University of Central Punjab,Lahore,MS,M.Phil./MS English Literature,2 Years,"16 years education in relevant discipline, minimum CGPA 2.5",GAT / UCP Admission Test and Interview,220000,22000,https://ucp.edu.pk/faculty-of-languages-literature/programmes/postgraduate/m-phil-ms-english-literature/,https://ucp.edu.pk/admissions/fee-structure/,September 2025 (Fall Intake)
University of Central Punjab,Lahore,MS,M.Phil./MS Applied Linguistics,2 Years,"16 years education in relevant discipline, minimum CGPA 2.5",GAT / UCP Admission Test and Interview,220000,22000,https://ucp.edu.pk/faculty-of-languages-literature/programmes/postgraduate/m-phil-ms-applied-linguistics/,https://ucp.edu.pk/admissions/fee-structure/,September 2025 (Fall Intake)
University of Central Punjab,Lahore,PHD,PhD Linguistics,3–5 Years,"MS / MPhil degree in relevant field, minimum CGPA 3.0",GAT / Subject Test and Interview,250000,25000,https://ucp.edu.pk/faculty-of-languages-literature/programmes/postgraduate/phd-linguistics/,https://ucp.edu.pk/admissions/fee-structure/,September 2025 (Fall Intake)
University of Central Punjab,Lahore,MS,MS Microbiology,2 Years,"16 years education in relevant discipline, minimum CGPA 2.5",GAT / UCP Admission Test and Interview,220000,22000,https://ucp.edu.pk/faculty-of-science-technology/programmes/postgraduate/ms-microbiology/,https://ucp.edu.pk/admissions/fee-structure/,September 2025 (Fall Intake)
University of Central Punjab,Lahore,MS,MS Biochemistry,2 Years,"16 years education in relevant discipline, minimum CGPA 2.5",GAT / UCP Admission Test and Interview,220000,22000,https://ucp.edu.pk/faculty-of-science-technology/programmes/postgraduate/ms-biochemistry/,https://ucp.edu.pk/admissions/fee-structure/,September 2025 (Fall Intake)
University of Central Punjab,Lahore,MS,MS Biotechnology,2 Years,"16 years education in relevant discipline, minimum CGPA 2.5",GAT / UCP Admission Test and Interview,220000,22000,https://ucp.edu.pk/faculty-of-science-technology/programmes/postgraduate/m-sc-biotechnology/,https://ucp.edu.pk/admissions/fee-structure/,September 2025 (Fall Intake)
University of Central Punjab,Lahore,MS,MS Food Technology,2 Years,"16 years education in relevant discipline, minimum CGPA 2.5",GAT / UCP Admission Test and Interview,220000,22000,https://ucp.edu.pk/faculty-of-science-technology/programmes/postgraduate/ms-food-technology/,https://ucp.edu.pk/admissions/fee-structure/,September 2025 (Fall Intake)
University of Central Punjab,Lahore,MS,MS Mathematics,2 Years,"16 years education in relevant discipline, minimum CGPA 2.5",GAT / UCP Admission Test and Interview,220000,22000,https://ucp.edu.pk/faculty-of-science-technology/programmes/postgraduate/ms-mathematics/,https://ucp.edu.pk/admissions/fee-structure/,September 2025 (Fall Intake)
University of Central Punjab,Lahore,PHD,PhD Microbiology,3–5 Years,"MS / MPhil degree in relevant field, minimum CGPA 3.0",GAT / Subject Test and Interview,250000,25000,https://ucp.edu.pk/faculty-of-science-technology/programmes/doctoral/phd-microbiology/,https://ucp.edu.pk/admissions/fee-structure/,September 2025 (Fall Intake)
University of Central Punjab,Lahore,PHD,PhD Biotechnology,3–5 Years,"MS / MPhil degree in relevant field, minimum CGPA 3.0",GAT / Subject Test and Interview,250000,25000,https://ucp.edu.pk/faculty-of-science-technology/programmes/doctoral/phd-biotechnology/,https://ucp.edu.pk/admissions/fee-structure/,September 2025 (Fall Intake)
University of Central Punjab,Lahore,PHD,PhD Biochemistry,3–5 Years,"MS / MPhil degree in relevant field, minimum CGPA 3.0",GAT / Subject Test and Interview,250000,25000,https://ucp.edu.pk/faculty-of-science-technology/programmes/doctoral/phd-biochemistry/,https://ucp.edu.pk/admissions/fee-structure/,September 2025 (Fall Intake)
University of Central Punjab,Lahore,PHD,PhD Food Technology,3–5 Years,"MS / MPhil degree in relevant field, minimum CGPA 3.0",GAT / Subject Test and Interview,250000,25000,https://ucp.edu.pk/faculty-of-science-technology/programmes/doctoral/phd-food-technology/,https://ucp.edu.pk/admissions/fee-structure/,September 2025 (Fall Intake)
University of Central Punjab,Lahore,PHD,PhD Mathematics,3–5 Years,"MS / MPhil degree in relevant field, minimum CGPA 3.0",GAT / Subject Test and Interview,250000,25000,https://ucp.edu.pk/faculty-of-sciences/programmes/postgraduate/phd-mathematic/,https://ucp.edu.pk/admissions/fee-structure/,September 2025 (Fall Intake)
University of Central Punjab,Lahore,PHD,PhD Pharmacy (Pharmacology),3–5 Years,"MS / MPhil degree in relevant field, minimum CGPA 3.0",GAT / Subject Test and Interview,250000,25000,https://ucp.edu.pk/faculty-of-pharmacy/programmes/postgraduate/phd-pharmacy-pharmacology/,https://ucp.edu.pk/admissions/fee-structure/,September 2025 (Fall Intake)
University of Central Punjab,Lahore,PHD,PhD Pharmacy (Pharmaceutical Chemistry),3–5 Years,"MS / MPhil degree in relevant field, minimum CGPA 3.0",GAT / Subject Test and Interview,250000,25000,https://ucp.edu.pk/faculty-of-pharmacy/programmes/postgraduate/phd-pharmacy-pharmaceutical-chemistry/,https://ucp.edu.pk/admissions/fee-structure/,September 2025 (Fall Intake)
University of Central Punjab,Lahore,PHD,PhD Pharmaceutics,3–5 Years,"MS / MPhil degree in relevant field, minimum CGPA 3.0",GAT / Subject Test and Interview,250000,25000,https://ucp.edu.pk/faculty-of-pharmacy/programmes/postgraduate/phd-pharmacy-pharmaceutics/,https://ucp.edu.pk/admissions/fee-structure/,September 2025 (Fall Intake)
University of Central Punjab,Lahore,MS,MS Film & Digital Media,2 Years,"16 years education in relevant discipline, minimum CGPA 2.5",GAT / UCP Admission Test and Interview,220000,22000,https://ucp.edu.pk/faculty-of-media-and-mass-communication/programmes/postgraduate/ms-film-digital-media/,https://ucp.edu.pk/admissions/fee-structure/,September 2025 (Fall Intake)
University of Central Punjab,Lahore,MS,MS (Advertising and Public Relations),2 Years,"16 years education in relevant discipline, minimum CGPA 2.5",GAT / UCP Admission Test and Interview,220000,22000,https://ucp.edu.pk/faculty-of-media-and-mass-communication/programmes/postgraduate/ms-advertising-and-public-relations/,https://ucp.edu.pk/admissions/fee-structure/,September 2025 (Fall Intake)
University of Central Punjab,Lahore,PHD,PhD Media And Communication,3–5 Years,"MS / MPhil degree in relevant field, minimum CGPA 3.0",GAT / Subject Test and Interview,250000,25000,https://ucp.edu.pk/faculty-of-media-and-mass-communication/programmes/doctoral/phd-media-and-communication/,https://ucp.edu.pk/admissions/fee-structure/,September 2025 (Fall Intake)
University of Central Punjab,Lahore,PHD,PhD Chemistry,3–5 Years,"MS / MPhil degree in relevant field, minimum CGPA 3.0",GAT / Subject Test and Interview,250000,25000,https://ucp.edu.pk/faculty-of-science-technology/programmes/doctoral/phd-chemistry/,https://ucp.edu.pk/admissions/fee-structure/,September 2025 (Fall Intake)
University of Central Punjab,Lahore,MS,MS Organizational Psychology,2 Years,"16 years education in relevant discipline, minimum CGPA 2.5",GAT / UCP Admission Test and Interview,220000,22000,https://ucp.edu.pk/faculty-of-humanities-and-social-sciences/department-of-economics/programmes/postgraduate/ms-organizational-psychology/,https://ucp.edu.pk/admissions/fee-structure/,September 2025 (Fall Intake)
University of Central Punjab,Lahore,MS,M.Sc. Smart Grids Energy Systems,2 Years,"16 years education in relevant discipline, minimum CGPA 2.5",GAT / UCP Admission Test and Interview,220000,22000,https://ucp.edu.pk/faculty-of-engineering/programmes-2/postgraduate/m-sc-smart-grids-energy-systems/,https://ucp.edu.pk/admissions/fee-structure/,September 2025 (Fall Intake)
University of Central Punjab,Lahore,MS,MS Food Safety & Quality Management,2 Years,"16 years education in relevant discipline, minimum CGPA 2.5",GAT / UCP Admission Test and Interview,220000,22000,https://ucp.edu.pk/faculty-of-science-technology/programmes/postgraduate/ms-food-safety-quality-management/,https://ucp.edu.pk/admissions/fee-structure/,September 2025 (Fall Intake)
University of Central Punjab,Lahore,MS,MS Climate Change & Sustainable Development,2 Years,"16 years education in relevant discipline, minimum CGPA 2.5",GAT / UCP Admission Test and Interview,220000,22000,https://ucp.edu.pk/faculty-of-science-technology/programmes/postgraduate/ms-climate-change-sustainable-development/,https://ucp.edu.pk/admissions/fee-structure/,September 2025 (Fall Intake)
University of Central Punjab,Lahore,MS,MS Human Nutrition and Dietetics,2 Years,"16 years education in relevant discipline, minimum CGPA 2.5",GAT / UCP Admission Test and Interview,220000,22000,https://ucp.edu.pk/faculty-of-science-technology/programmes/postgraduate/ms-human-nutrition-dietetics/,https://ucp.edu.pk/admissions/fee-structure/,September 2025 (Fall Intake)
