Institute,City,Degree,Program,Duration,Eligibility,Admission Test,Fee URL,Program URL
University of the Punjab,Lahore,BS,B.Sc. (Hons.) Agriculture (Agronomy) (Morning,4 Years,FSc / FA / ICS / A-Levels or equivalent,PU Entry Test,https://pu.edu.pk/fee,https://pu.edu.pk/program/index/Graduate
University of the Punjab,Lahore,BS,B.Sc. (Hons.) Agriculture (Entomology) (Morning,4 Years,FSc / FA / ICS / A-Levels or equivalent,PU Entry Test,https://pu.edu.pk/fee,https://pu.edu.pk/program/index/Graduate
University of the Punjab,Lahore,BS,B.Sc. (Hons.) Agriculture (Horticulture) (Morning,4 Years,FSc / FA / ICS / A-Levels or equivalent,PU Entry Test,https://pu.edu.pk/fee,https://pu.edu.pk/program/index/Graduate
University of the Punjab,Lahore,BS,B.Sc. (Hons.) Agriculture (Plant Pathology) (Morning,4 Years,FSc / FA / ICS / A-Levels or equivalent,PU Entry Test,https://pu.edu.pk/fee,https://pu.edu.pk/program/index/Graduate
University of the Punjab,Lahore,BS,B.Sc. (Hons.) Food Science and Technology (Self-Supporting) Graduate B,4 Years,FSc / FA / ICS / A-Levels or equivalent,PU Entry Test,https://pu.edu.pk/fee,https://pu.edu.pk/program/index/Graduate
University of the Punjab,Lahore,BS,BBA (,4 Years,FSc / FA / ICS / A-Levels or equivalent,PU Entry Test,https://pu.edu.pk/fee,https://pu.edu.pk/program/index/Graduate
University of the Punjab,Lahore,BS,BBA (Hons,4 Years,FSc / FA / ICS / A-Levels or equivalent,PU Entry Test,https://pu.edu.pk/fee,https://pu.edu.pk/program/index/Graduate
University of the Punjab,Lahore,BS,BBA (Hons),4 Years,FSc / FA / ICS / A-Levels or equivalent,PU Entry Test,https://pu.edu.pk/fee,https://pu.edu.pk/program/index/Graduate
University of the Punjab,Lahore,BS,BBA (Hons) (,4 Years,FSc / FA / ICS / A-Levels or equivalent,PU Entry Test,https://pu.edu.pk/fee,https://pu.edu.pk/program/index/Graduate
University of the Punjab,Lahore,BS,BBA Hons,4 Years,FSc / FA / ICS / A-Levels or equivalent,PU Entry Test,https://pu.edu.pk/fee,https://pu.edu.pk/program/index/Graduate
University of the Punjab,Lahore,BS,BS (,4 Years,FSc / FA / ICS / A-Levels or equivalent,PU Entry Test,https://pu.edu.pk/fee,https://pu.edu.pk/program/index/Graduate
University of the Punjab,Lahore,BS,BS Admission Related FAQs Regulations Merit of Last Year,4 Years,FSc / FA / ICS / A-Levels or equivalent,PU Entry Test,https://pu.edu.pk/fee,https://pu.edu.pk/program/index/Graduate
University of the Punjab,Lahore,BS,BS Archaeology (,4 Years,FSc / FA / ICS / A-Levels or equivalent,PU Entry Test,https://pu.edu.pk/fee,https://pu.edu.pk/program/index/Graduate
University of the Punjab,Lahore,BS,BS Biochemistry (Regular,4 Years,FSc / FA / ICS / A-Levels or equivalent,PU Entry Test,https://pu.edu.pk/fee,https://pu.edu.pk/program/index/Graduate
University of the Punjab,Lahore,BS,BS Biotechnology (Regular,4 Years,FSc / FA / ICS / A-Levels or equivalent,PU Entry Test,https://pu.edu.pk/fee,https://pu.edu.pk/program/index/Graduate
University of the Punjab,Lahore,BS,BS Botany,4 Years,FSc / FA / ICS / A-Levels or equivalent,PU Entry Test,https://pu.edu.pk/fee,https://pu.edu.pk/program/index/Graduate
University of the Punjab,Lahore,BS,BS Botany after AD,4 Years,FSc / FA / ICS / A-Levels or equivalent,PU Entry Test,https://pu.edu.pk/fee,https://pu.edu.pk/program/index/Graduate
University of the Punjab,Lahore,BS,BS Business Economics Faculty of Chemical and Materials Engineering Institute of Chemical Engineering & Technology Degree Program Name Graduate B,4 Years,FSc / FA / ICS / A-Levels or equivalent,PU Entry Test,https://pu.edu.pk/fee,https://pu.edu.pk/program/index/Graduate
University of the Punjab,Lahore,BS,BS Business Education (,4 Years,FSc / FA / ICS / A-Levels or equivalent,PU Entry Test,https://pu.edu.pk/fee,https://pu.edu.pk/program/index/Graduate
University of the Punjab,Lahore,BS,BS Chemistry (,4 Years,FSc / FA / ICS / A-Levels or equivalent,PU Entry Test,https://pu.edu.pk/fee,https://pu.edu.pk/program/index/Graduate
University of the Punjab,Lahore,BS,BS Commerce (Morning) Faculty of Computing & Information Technology Department of Information Technology (Potohar Campus Gujar Khan) Degree Program Name Graduate BS IT Hons,4 Years,FSc / FA / ICS / A-Levels or equivalent,PU Entry Test,https://pu.edu.pk/fee,https://pu.edu.pk/program/index/Graduate
University of the Punjab,Lahore,BS,BS Commerce (Morning) Graduate BS Commerce (Self-Supporting) Graduate BS Commerce (Evening) Graduate BS Accounting & Finance (Morning) Graduate BS Accounting & Finance (Self-Supporting) Graduate BS Accounting & Finance (Evening) Graduate BS E-Commerce (Self-Supporting) Graduate BS E-Commerce (Morning) Graduate B,4 Years,FSc / FA / ICS / A-Levels or equivalent,PU Entry Test,https://pu.edu.pk/fee,https://pu.edu.pk/program/index/Graduate
University of the Punjab,Lahore,BS,BS Commerce (Morning) Graduate BS E-Commerce (Morning) Graduate BS Commerce (Self-Supporting) Graduate BS Accounting and Finance (Morning) Graduate BS Accounting and Finance (Self-Supporting) Graduate BS E-Commerce (Self-Supporting) Graduate BS Accounting and Taxation (Morning) Graduate BS Accounting and Taxation (Self-Supporting) Faculty of Education Institute of Education & Research Degree Program Name Graduate B,4 Years,FSc / FA / ICS / A-Levels or equivalent,PU Entry Test,https://pu.edu.pk/fee,https://pu.edu.pk/program/index/Graduate
University of the Punjab,Lahore,BS,BS Computational Physics (Evening) Graduate BS Computational Physics (Morning) Centre of Excellence in Solid State Physics Degree Program Name Graduate BS Biophysics and Nano-biotechnology (Evening) Graduate BS Biophysics and Nano-biotechnology (Self-Support) Graduate BS Biophysics and Nano-biotechnology (Morning) Graduate BS Solid State Physics (Evening) Graduate BS Solid State Physics (Self-Support) Graduate BS Solid State Physics (Morning) Graduate BS Nanoscience and Nanotechnology (Evening) Graduate BS Nanoscience and Nanotechnology (Self-support) Graduate BS Nanoscience and Nanotechnology (Morning) College of Statistical Sciences Degree Program Name Graduate BS Statistics (Regular & Self-Supporting) Graduate BS Biostatistics (Regular & Self-Supporting) Graduate BS Computational Statistics and Data Analytics (Regular) Graduate BS Computational Statistics and Data Analytics (Self-Supporting) Department of Physics Degree Program Name Graduate BS Physics,4 Years,FSc / FA / ICS / A-Levels or equivalent,PU Entry Test,https://pu.edu.pk/fee,https://pu.edu.pk/program/index/Graduate
University of the Punjab,Lahore,BS,BS Computer Science (Hons),4 Years,FSc / FA / ICS / A-Levels or equivalent,PU Entry Test,https://pu.edu.pk/fee,https://pu.edu.pk/program/index/Graduate
University of the Punjab,Lahore,BS,BS Computer Science Graduate BS Computer Science Self-Supporting Department of Data Science Degree Program Name Graduate BS (Data Science) Morning Graduate BS (Data Science) Self Supporting Graduate BS Cyber Security Department of Information Technology Degree Program Name Graduate BS Information Technology (IT) Graduate BS Artificial Intelligence (Morning) Department of Software Engineering Degree Program Name Graduate BS Software Engineering (Morning) Graduate BS Software Engineering (Self Supporting) Faculty of Oriental Learning Department of Kashmiriat Degree Program Name Graduate BS Kashmiryat (,4 Years,FSc / FA / ICS / A-Levels or equivalent,PU Entry Test,https://pu.edu.pk/fee,https://pu.edu.pk/program/index/Graduate
University of the Punjab,Lahore,BS,BS Electronics (,4 Years,FSc / FA / ICS / A-Levels or equivalent,PU Entry Test,https://pu.edu.pk/fee,https://pu.edu.pk/program/index/Graduate
University of the Punjab,Lahore,BS,BS English (Literature) Self-Supporting Graduate BS English (Literature) Regular Faculty of Behavioral and Social Sciences Centre for Clinical Psychology Degree Program Name Graduate BS Clinical Psychology (Regular) Graduate BS Clinical Psychology (Self-Supporting) Department of Gender Studies Degree Program Name Graduate BS (Hons) Gender Studies Morning Graduate BS (Hons) Gender Studies Replica Graduate BS Gender and Climate Change (Morning & Self-Supporting) Department of Political Science Degree Program Name Graduate BS Political Science (,4 Years,FSc / FA / ICS / A-Levels or equivalent,PU Entry Test,https://pu.edu.pk/fee,https://pu.edu.pk/program/index/Graduate
University of the Punjab,Lahore,BS,BS English (Morning Program) Graduate BS English (Self Supporting Program) Faculty of Business,4 Years,FSc / FA / ICS / A-Levels or equivalent,PU Entry Test,https://pu.edu.pk/fee,https://pu.edu.pk/program/index/Graduate
University of the Punjab,Lahore,BS,BS Environmental Sciences,4 Years,FSc / FA / ICS / A-Levels or equivalent,PU Entry Test,https://pu.edu.pk/fee,https://pu.edu.pk/program/index/Graduate
University of the Punjab,Lahore,BS,BS French Department of History & Pakistan Studies Degree Program Name Graduate BS History (Morning) Graduate BS Pakistan Studies (,4 Years,FSc / FA / ICS / A-Levels or equivalent,PU Entry Test,https://pu.edu.pk/fee,https://pu.edu.pk/program/index/Graduate
University of the Punjab,Lahore,BS,BS GIS (Morning & Afternoon) Centre For Integrated Mountain Research (CIMR) Degree Program Name Graduate BS (Disaster Management) Morning College of Earth & Environmental Sciences Degree Program Name Graduate BS Environmental Sciences,4 Years,FSc / FA / ICS / A-Levels or equivalent,PU Entry Test,https://pu.edu.pk/fee,https://pu.edu.pk/program/index/Graduate
University of the Punjab,Lahore,BS,BS Geography Graduate BS Geography (Replica) Institute of Geology Degree Program Name Graduate BS (,4 Years,FSc / FA / ICS / A-Levels or equivalent,PU Entry Test,https://pu.edu.pk/fee,https://pu.edu.pk/program/index/Graduate
University of the Punjab,Lahore,BS,BS Hons,4 Years,FSc / FA / ICS / A-Levels or equivalent,PU Entry Test,https://pu.edu.pk/fee,https://pu.edu.pk/program/index/Graduate
University of the Punjab,Lahore,BS,BS Hydrology and Water Resources Management,4 Years,FSc / FA / ICS / A-Levels or equivalent,PU Entry Test,https://pu.edu.pk/fee,https://pu.edu.pk/program/index/Graduate
University of the Punjab,Lahore,BS,BS Information Management (,4 Years,FSc / FA / ICS / A-Levels or equivalent,PU Entry Test,https://pu.edu.pk/fee,https://pu.edu.pk/program/index/Graduate
University of the Punjab,Lahore,BS,BS Information Technology (Morning Program) Graduate BS Information Technology (Self-Supporting Program) Graduate BS Computer Science (Morning Program) Graduate BS Computer Science (Self-Supporting Program) Faculty of Law Department of Law (Gujranwala Campus) Degree Program Name Graduate LL,4 Years,FSc / FA / ICS / A-Levels or equivalent,PU Entry Test,https://pu.edu.pk/fee,https://pu.edu.pk/program/index/Graduate
University of the Punjab,Lahore,BS,BS International Relations (,4 Years,FSc / FA / ICS / A-Levels or equivalent,PU Entry Test,https://pu.edu.pk/fee,https://pu.edu.pk/program/index/Graduate
University of the Punjab,Lahore,BS,BS Islamic Studies (Hadith & Uloom ul Hadith) (M) Graduate BS Islamic Studies (Seerah & History) (M) Graduate BS Islamic Studies (Islamic Economics) (M) Sheikh Zayed Islamic Centre Degree Program Name Graduate BS Islamic Studies Faculty of Law University Law College Degree Program Name Graduate LLB,4 Years,FSc / FA / ICS / A-Levels or equivalent,PU Entry Test,https://pu.edu.pk/fee,https://pu.edu.pk/program/index/Graduate
University of the Punjab,Lahore,BS,BS Islamic Studies (Quran & Uloom ul Quran) (M) Graduate BS Islamic Studies (Study of World Religions) (M & S,4 Years,FSc / FA / ICS / A-Levels or equivalent,PU Entry Test,https://pu.edu.pk/fee,https://pu.edu.pk/program/index/Graduate
University of the Punjab,Lahore,BS,BS Journalism Studies (Morning and Self-Supporting) Sub department under School of Communication Studies,4 Years,FSc / FA / ICS / A-Levels or equivalent,PU Entry Test,https://pu.edu.pk/fee,https://pu.edu.pk/program/index/Graduate
University of the Punjab,Lahore,BS,BS MATHEMATICS (,4 Years,FSc / FA / ICS / A-Levels or equivalent,PU Entry Test,https://pu.edu.pk/fee,https://pu.edu.pk/program/index/Graduate
University of the Punjab,Lahore,BS,BS Management,4 Years,FSc / FA / ICS / A-Levels or equivalent,PU Entry Test,https://pu.edu.pk/fee,https://pu.edu.pk/program/index/Graduate
University of the Punjab,Lahore,BS,BS Management (Morning Program) Graduate BS Management (Replica,4 Years,FSc / FA / ICS / A-Levels or equivalent,PU Entry Test,https://pu.edu.pk/fee,https://pu.edu.pk/program/index/Graduate
University of the Punjab,Lahore,BS,BS Mathematics (Morning) Graduate BS Mathematics (Morning) (After,4 Years,FSc / FA / ICS / A-Levels or equivalent,PU Entry Test,https://pu.edu.pk/fee,https://pu.edu.pk/program/index/Graduate
University of the Punjab,Lahore,BS,BS Mathematics (Self-Supporting) (After,4 Years,FSc / FA / ICS / A-Levels or equivalent,PU Entry Test,https://pu.edu.pk/fee,https://pu.edu.pk/program/index/Graduate
University of the Punjab,Lahore,BS,BS Mathematics (Self-Supporting) Graduate BS MATHEMATICS (,4 Years,FSc / FA / ICS / A-Levels or equivalent,PU Entry Test,https://pu.edu.pk/fee,https://pu.edu.pk/program/index/Graduate
University of the Punjab,Lahore,BS,BS Media & Development Communication (Morning,4 Years,FSc / FA / ICS / A-Levels or equivalent,PU Entry Test,https://pu.edu.pk/fee,https://pu.edu.pk/program/index/Graduate
University of the Punjab,Lahore,BS,BS Media and Development Communication (Replica,4 Years,FSc / FA / ICS / A-Levels or equivalent,PU Entry Test,https://pu.edu.pk/fee,https://pu.edu.pk/program/index/Graduate
University of the Punjab,Lahore,BS,BS Microbiology and Molecular Genetics (Morning) Institute of Zoology Degree Program Name Graduate BS (,4 Years,FSc / FA / ICS / A-Levels or equivalent,PU Entry Test,https://pu.edu.pk/fee,https://pu.edu.pk/program/index/Graduate
University of the Punjab,Lahore,BS,BS Persian (,4 Years,FSc / FA / ICS / A-Levels or equivalent,PU Entry Test,https://pu.edu.pk/fee,https://pu.edu.pk/program/index/Graduate
University of the Punjab,Lahore,BS,BS Philosophy,4 Years,FSc / FA / ICS / A-Levels or equivalent,PU Entry Test,https://pu.edu.pk/fee,https://pu.edu.pk/program/index/Graduate
University of the Punjab,Lahore,BS,BS Physical Education (,4 Years,FSc / FA / ICS / A-Levels or equivalent,PU Entry Test,https://pu.edu.pk/fee,https://pu.edu.pk/program/index/Graduate
University of the Punjab,Lahore,BS,BS Physics,4 Years,FSc / FA / ICS / A-Levels or equivalent,PU Entry Test,https://pu.edu.pk/fee,https://pu.edu.pk/program/index/Graduate
University of the Punjab,Lahore,BS,BS Punjabi (Morning) Institute of Urdu Language & Literature Degree Program Name Graduate BS Urdu (,4 Years,FSc / FA / ICS / A-Levels or equivalent,PU Entry Test,https://pu.edu.pk/fee,https://pu.edu.pk/program/index/Graduate
University of the Punjab,Lahore,BS,BS Social Entrepreneurship (Regular,4 Years,FSc / FA / ICS / A-Levels or equivalent,PU Entry Test,https://pu.edu.pk/fee,https://pu.edu.pk/program/index/Graduate
University of the Punjab,Lahore,BS,BS Social Entrepreneurship (Self-Supporting) Institute of Applied Psychology Degree Program Name Graduate BS (,4 Years,FSc / FA / ICS / A-Levels or equivalent,PU Entry Test,https://pu.edu.pk/fee,https://pu.edu.pk/program/index/Graduate
University of the Punjab,Lahore,BS,BS Social Work (Self-Supporting) Graduate BS Social Work (Regular,4 Years,FSc / FA / ICS / A-Levels or equivalent,PU Entry Test,https://pu.edu.pk/fee,https://pu.edu.pk/program/index/Graduate
University of the Punjab,Lahore,BS,BS Space Science (Morning,4 Years,FSc / FA / ICS / A-Levels or equivalent,PU Entry Test,https://pu.edu.pk/fee,https://pu.edu.pk/program/index/Graduate
University of the Punjab,Lahore,BS,BS Technology Education,4 Years,FSc / FA / ICS / A-Levels or equivalent,PU Entry Test,https://pu.edu.pk/fee,https://pu.edu.pk/program/index/Graduate
University of the Punjab,Lahore,BS,BS Tourism and Hospitality Management,4 Years,FSc / FA / ICS / A-Levels or equivalent,PU Entry Test,https://pu.edu.pk/fee,https://pu.edu.pk/program/index/Graduate
University of the Punjab,Lahore,BS,LL.B,4 Years,FSc / FA / ICS / A-Levels or equivalent,PU Entry Test,https://pu.edu.pk/fee,https://pu.edu.pk/program/index/Graduate
University of the Punjab,Lahore,BS,Ph.D Programs Masters Programs Undergraduate Programs Diploma Certificates All Programs Scholarships HEC Approved Supervisors Student Information Affiliated Colleges Semester System Annual System Campus Life Careers Apply Online Available Jobs Admission Apply Online (On-Campus Programs) Notices BS Admission Related FAQs Regulations Merit of Last Year,4 Years,FSc / FA / ICS / A-Levels or equivalent,PU Entry Test,https://pu.edu.pk/fee,https://pu.edu.pk/program/index/Graduate
University of the Punjab,Lahore,BS,Ph.D. Produced Annual Reports Debates Sports Community Services Authorized Bank Branches List of all Ph,4 Years,FSc / FA / ICS / A-Levels or equivalent,PU Entry Test,https://pu.edu.pk/fee,https://pu.edu.pk/program/index/Graduate
University of the Punjab,Lahore,MS,BS (,2 Years,Relevant BS (16 years education),GAT (General) or Departmental Test,https://pu.edu.pk/fee,https://pu.edu.pk/program/index/masters
University of the Punjab,Lahore,MS,BS Admission Related FAQs Regulations Merit of Last Year,2 Years,Relevant BS (16 years education),GAT (General) or Departmental Test,https://pu.edu.pk/fee,https://pu.edu.pk/program/index/masters
University of the Punjab,Lahore,MS,BS Business Education (,2 Years,Relevant BS (16 years education),GAT (General) or Departmental Test,https://pu.edu.pk/fee,https://pu.edu.pk/program/index/masters
University of the Punjab,Lahore,MS,BS Computational Physics,2 Years,Relevant BS (16 years education),GAT (General) or Departmental Test,https://pu.edu.pk/fee,https://pu.edu.pk/program/index/masters
University of the Punjab,Lahore,MS,BS Criminology & Security Studies,2 Years,Relevant BS (16 years education),GAT (General) or Departmental Test,https://pu.edu.pk/fee,https://pu.edu.pk/program/index/masters
University of the Punjab,Lahore,MS,BS History (,2 Years,Relevant BS (16 years education),GAT (General) or Departmental Test,https://pu.edu.pk/fee,https://pu.edu.pk/program/index/masters
University of the Punjab,Lahore,MS,BS Hons Elementary Education (,2 Years,Relevant BS (16 years education),GAT (General) or Departmental Test,https://pu.edu.pk/fee,https://pu.edu.pk/program/index/masters
University of the Punjab,Lahore,MS,BS Hydrology and Water Resources Management,2 Years,Relevant BS (16 years education),GAT (General) or Departmental Test,https://pu.edu.pk/fee,https://pu.edu.pk/program/index/masters
University of the Punjab,Lahore,MS,BS Information Technology (IT) Self-Supporting Faculty of Oriental Learning Department of Kashmiriat Degree Program Name Masters BS Kashmiryat (,2 Years,Relevant BS (16 years education),GAT (General) or Departmental Test,https://pu.edu.pk/fee,https://pu.edu.pk/program/index/masters
University of the Punjab,Lahore,MS,BS Islamic Studies (Replacement of M,2 Years,Relevant BS (16 years education),GAT (General) or Departmental Test,https://pu.edu.pk/fee,https://pu.edu.pk/program/index/masters
University of the Punjab,Lahore,MS,BS Journalism Studies (Morning,2 Years,Relevant BS (16 years education),GAT (General) or Departmental Test,https://pu.edu.pk/fee,https://pu.edu.pk/program/index/masters
University of the Punjab,Lahore,MS,BS Microbiology and Molecular Genetics (Evening) Institute of Zoology Degree Program Name Masters BS Zoology,2 Years,Relevant BS (16 years education),GAT (General) or Departmental Test,https://pu.edu.pk/fee,https://pu.edu.pk/program/index/masters
University of the Punjab,Lahore,MS,BS Pakistan Studies (,2 Years,Relevant BS (16 years education),GAT (General) or Departmental Test,https://pu.edu.pk/fee,https://pu.edu.pk/program/index/masters
University of the Punjab,Lahore,MS,BS Persian (,2 Years,Relevant BS (16 years education),GAT (General) or Departmental Test,https://pu.edu.pk/fee,https://pu.edu.pk/program/index/masters
University of the Punjab,Lahore,MS,BS Physical Education,2 Years,Relevant BS (16 years education),GAT (General) or Departmental Test,https://pu.edu.pk/fee,https://pu.edu.pk/program/index/masters
University of the Punjab,Lahore,MS,BS Physics,2 Years,Relevant BS (16 years education),GAT (General) or Departmental Test,https://pu.edu.pk/fee,https://pu.edu.pk/program/index/masters
University of the Punjab,Lahore,MS,BS Quality & Performance Management (QPM) (,2 Years,Relevant BS (16 years education),GAT (General) or Departmental Test,https://pu.edu.pk/fee,https://pu.edu.pk/program/index/masters
University of the Punjab,Lahore,MS,BS Sociology,2 Years,Relevant BS (16 years education),GAT (General) or Departmental Test,https://pu.edu.pk/fee,https://pu.edu.pk/program/index/masters
University of the Punjab,Lahore,MS,BS Statistics,2 Years,Relevant BS (16 years education),GAT (General) or Departmental Test,https://pu.edu.pk/fee,https://pu.edu.pk/program/index/masters
University of the Punjab,Lahore,MS,BS Technology Education,2 Years,Relevant BS (16 years education),GAT (General) or Departmental Test,https://pu.edu.pk/fee,https://pu.edu.pk/program/index/masters
University of the Punjab,Lahore,MS,BS Tourism and Hospitality Management,2 Years,Relevant BS (16 years education),GAT (General) or Departmental Test,https://pu.edu.pk/fee,https://pu.edu.pk/program/index/masters
University of the Punjab,Lahore,MS,BS Urdu (,2 Years,Relevant BS (16 years education),GAT (General) or Departmental Test,https://pu.edu.pk/fee,https://pu.edu.pk/program/index/masters
University of the Punjab,Lahore,MS,BS Zoology,2 Years,Relevant BS (16 years education),GAT (General) or Departmental Test,https://pu.edu.pk/fee,https://pu.edu.pk/program/index/masters
University of the Punjab,Lahore,MS,M.Sc. (Engg,2 Years,Relevant BS (16 years education),GAT (General) or Departmental Test,https://pu.edu.pk/fee,https://pu.edu.pk/program/index/masters
University of the Punjab,Lahore,MS,M.Sc. (Hons,2 Years,Relevant BS (16 years education),GAT (General) or Departmental Test,https://pu.edu.pk/fee,https://pu.edu.pk/program/index/masters
University of the Punjab,Lahore,MS,M.Sc. (Hons) Agriculture (Soil Science) (Morning) Masters B,2 Years,Relevant BS (16 years education),GAT (General) or Departmental Test,https://pu.edu.pk/fee,https://pu.edu.pk/program/index/masters
University of the Punjab,Lahore,MS,M.Sc. Applied Hydrology Masters BS Tourism and Hospitality Management,2 Years,Relevant BS (16 years education),GAT (General) or Departmental Test,https://pu.edu.pk/fee,https://pu.edu.pk/program/index/masters
University of the Punjab,Lahore,MS,M.Sc. Coal Technology Faculty of Geo-Sciences Centre for Geographical Information System,2 Years,Relevant BS (16 years education),GAT (General) or Departmental Test,https://pu.edu.pk/fee,https://pu.edu.pk/program/index/masters
University of the Punjab,Lahore,MS,M.Sc. Geography (Morning) Masters M,2 Years,Relevant BS (16 years education),GAT (General) or Departmental Test,https://pu.edu.pk/fee,https://pu.edu.pk/program/index/masters
University of the Punjab,Lahore,MS,M.Sc. IT (Morning Program) Masters M,2 Years,Relevant BS (16 years education),GAT (General) or Departmental Test,https://pu.edu.pk/fee,https://pu.edu.pk/program/index/masters
University of the Punjab,Lahore,MS,M.Sc. Microbiology & Molecular Genetics Masters BS Microbiology and Molecular Genetics (Evening) Institute of Zoology Degree Program Name Masters BS Zoology,2 Years,Relevant BS (16 years education),GAT (General) or Departmental Test,https://pu.edu.pk/fee,https://pu.edu.pk/program/index/masters
University of the Punjab,Lahore,MS,M.Sc. Seismology (Self-Supporting) Masters MS Environmental Sciences (Morning,2 Years,Relevant BS (16 years education),GAT (General) or Departmental Test,https://pu.edu.pk/fee,https://pu.edu.pk/program/index/masters
University of the Punjab,Lahore,MS,M.Sc. Space Science School of Chemistry Degree Program Name Masters AD Chemistry (,2 Years,Relevant BS (16 years education),GAT (General) or Departmental Test,https://pu.edu.pk/fee,https://pu.edu.pk/program/index/masters
University of the Punjab,Lahore,MS,MS Environmental Sciences (Morning,2 Years,Relevant BS (16 years education),GAT (General) or Departmental Test,https://pu.edu.pk/fee,https://pu.edu.pk/program/index/masters
University of the Punjab,Lahore,MS,MS Health Administration (,2 Years,Relevant BS (16 years education),GAT (General) or Departmental Test,https://pu.edu.pk/fee,https://pu.edu.pk/program/index/masters
University of the Punjab,Lahore,MS,MS Human Resource Management (,2 Years,Relevant BS (16 years education),GAT (General) or Departmental Test,https://pu.edu.pk/fee,https://pu.edu.pk/program/index/masters
University of the Punjab,Lahore,MS,MS Industrial Engineering & Management (Self-Supporting,2 Years,Relevant BS (16 years education),GAT (General) or Departmental Test,https://pu.edu.pk/fee,https://pu.edu.pk/program/index/masters
University of the Punjab,Lahore,MS,MS One Year in Clinical Psychology (Self-Supporting) Department of Gender Studies Degree Program Name Masters M,2 Years,Relevant BS (16 years education),GAT (General) or Departmental Test,https://pu.edu.pk/fee,https://pu.edu.pk/program/index/masters
University of the Punjab,Lahore,MS,MS Total Quality Management (TQM) (Self-Supporting,2 Years,Relevant BS (16 years education),GAT (General) or Departmental Test,https://pu.edu.pk/fee,https://pu.edu.pk/program/index/masters
University of the Punjab,Lahore,MS,Ph.D Programs Masters Programs Undergraduate Programs Diploma Certificates All Programs Scholarships HEC Approved Supervisors Student Information Affiliated Colleges Semester System Annual System Campus Life Careers Apply Online Available Jobs Admission Apply Online (On-Campus Programs) Notices BS Admission Related FAQs Regulations Merit of Last Year,2 Years,Relevant BS (16 years education),GAT (General) or Departmental Test,https://pu.edu.pk/fee,https://pu.edu.pk/program/index/masters
University of the Punjab,Lahore,MS,Ph.D. Produced Annual Reports Debates Sports Community Services Authorized Bank Branches List of all Ph,2 Years,Relevant BS (16 years education),GAT (General) or Departmental Test,https://pu.edu.pk/fee,https://pu.edu.pk/program/index/masters
University of the Punjab,Lahore,PhD,BS Admission Related FAQs Regulations Merit of Last Year,3–5 Years,Relevant MS / MPhil,GAT (Subject) + Interview,https://pu.edu.pk/fee,https://pu.edu.pk/program/index/Ph.%20D
University of the Punjab,Lahore,PhD,Ph.D (Computer Science) Department of Data Science Degree Program Name Ph,3–5 Years,Relevant MS / MPhil,GAT (Subject) + Interview,https://pu.edu.pk/fee,https://pu.edu.pk/program/index/Ph.%20D
University of the Punjab,Lahore,PhD,Ph.D (Morning) in Molecular Biology & Forensic Sciences Department of Public Health Degree Program Name Ph,3–5 Years,Relevant MS / MPhil,GAT (Subject) + Interview,https://pu.edu.pk/fee,https://pu.edu.pk/program/index/Ph.%20D
University of the Punjab,Lahore,PhD,Ph.D Applied Geology Faculty of Health Sciences Centre for Applied Molecular Biology (CAMB) Degree Program Name Ph,3–5 Years,Relevant MS / MPhil,GAT (Subject) + Interview,https://pu.edu.pk/fee,https://pu.edu.pk/program/index/Ph.%20D
University of the Punjab,Lahore,PhD,Ph.D Applied Hydrology Ph,3–5 Years,Relevant MS / MPhil,GAT (Subject) + Interview,https://pu.edu.pk/fee,https://pu.edu.pk/program/index/Ph.%20D
University of the Punjab,Lahore,PhD,Ph.D Applied Psychology Institute of Social & Cultural Studies Degree Program Name Ph,3–5 Years,Relevant MS / MPhil,GAT (Subject) + Interview,https://pu.edu.pk/fee,https://pu.edu.pk/program/index/Ph.%20D
University of the Punjab,Lahore,PhD,Ph.D Arabic Faculty of Quality & Industrial Systems Engineering Institute of Industrial Engineering & Management Degree Program Name Ph,3–5 Years,Relevant MS / MPhil,GAT (Subject) + Interview,https://pu.edu.pk/fee,https://pu.edu.pk/program/index/Ph.%20D
University of the Punjab,Lahore,PhD,Ph.D Biotechnology School of Biological Sciences Degree Program Name Ph,3–5 Years,Relevant MS / MPhil,GAT (Subject) + Interview,https://pu.edu.pk/fee,https://pu.edu.pk/program/index/Ph.%20D
University of the Punjab,Lahore,PhD,Ph.D Botany (Regular) Institute of Microbiology and Molecular Genetics Degree Program Name Ph,3–5 Years,Relevant MS / MPhil,GAT (Subject) + Interview,https://pu.edu.pk/fee,https://pu.edu.pk/program/index/Ph.%20D
University of the Punjab,Lahore,PhD,Ph.D Chemical Engineering Institute of Metallurgy & Materials Engineering Degree Program Name Ph,3–5 Years,Relevant MS / MPhil,GAT (Subject) + Interview,https://pu.edu.pk/fee,https://pu.edu.pk/program/index/Ph.%20D
University of the Punjab,Lahore,PhD,Ph.D Gender Studies (Morning,3–5 Years,Relevant MS / MPhil,GAT (Subject) + Interview,https://pu.edu.pk/fee,https://pu.edu.pk/program/index/Ph.%20D
University of the Punjab,Lahore,PhD,Ph.D Geomatics Institute of Geography Degree Program Name Ph,3–5 Years,Relevant MS / MPhil,GAT (Subject) + Interview,https://pu.edu.pk/fee,https://pu.edu.pk/program/index/Ph.%20D
University of the Punjab,Lahore,PhD,Ph.D Islamic Studies (Regular) Sheikh Zayed Islamic Centre Degree Program Name Ph,3–5 Years,Relevant MS / MPhil,GAT (Subject) + Interview,https://pu.edu.pk/fee,https://pu.edu.pk/program/index/Ph.%20D
University of the Punjab,Lahore,PhD,Ph.D Kashmiryat Department of Persian Degree Program Name Ph,3–5 Years,Relevant MS / MPhil,GAT (Subject) + Interview,https://pu.edu.pk/fee,https://pu.edu.pk/program/index/Ph.%20D
University of the Punjab,Lahore,PhD,Ph.D Mathematics Fall,3–5 Years,Relevant MS / MPhil,GAT (Subject) + Interview,https://pu.edu.pk/fee,https://pu.edu.pk/program/index/Ph.%20D
University of the Punjab,Lahore,PhD,Ph.D Media & Development Communication Faculty of Islamic Studies Institute of Islamic Studies Degree Program Name Ph,3–5 Years,Relevant MS / MPhil,GAT (Subject) + Interview,https://pu.edu.pk/fee,https://pu.edu.pk/program/index/Ph.%20D
University of the Punjab,Lahore,PhD,Ph.D Metallurgy and Materials Engineering Institute of Polymer & Textile Engineering Degree Program Name Ph,3–5 Years,Relevant MS / MPhil,GAT (Subject) + Interview,https://pu.edu.pk/fee,https://pu.edu.pk/program/index/Ph.%20D
University of the Punjab,Lahore,PhD,Ph.D Molecular Biology (Regular) School of Biochemistry & Biotechnology Degree Program Name Ph,3–5 Years,Relevant MS / MPhil,GAT (Subject) + Interview,https://pu.edu.pk/fee,https://pu.edu.pk/program/index/Ph.%20D
University of the Punjab,Lahore,PhD,Ph.D Persian Institute of Punjabi and Cultural Studies Degree Program Name Ph,3–5 Years,Relevant MS / MPhil,GAT (Subject) + Interview,https://pu.edu.pk/fee,https://pu.edu.pk/program/index/Ph.%20D
University of the Punjab,Lahore,PhD,Ph.D Political Science Ph,3–5 Years,Relevant MS / MPhil,GAT (Subject) + Interview,https://pu.edu.pk/fee,https://pu.edu.pk/program/index/Ph.%20D
University of the Punjab,Lahore,PhD,Ph.D Programs Masters Programs Undergraduate Programs Diploma Certificates All Programs Scholarships HEC Approved Supervisors Student Information Affiliated Colleges Semester System Annual System Campus Life Careers Apply Online Available Jobs Admission Apply Online (On-Campus Programs) Notices BS Admission Related FAQs Regulations Merit of Last Year,3–5 Years,Relevant MS / MPhil,GAT (Subject) + Interview,https://pu.edu.pk/fee,https://pu.edu.pk/program/index/Ph.%20D
University of the Punjab,Lahore,PhD,Ph.D Urdu Faculty of Pharmacy Punjab University College of Pharmacy Degree Program Name Ph,3–5 Years,Relevant MS / MPhil,GAT (Subject) + Interview,https://pu.edu.pk/fee,https://pu.edu.pk/program/index/Ph.%20D
University of the Punjab,Lahore,PhD,Ph.D Zoology Old Scheme National Centre of Excellence in Molecular Biology Degree Program Name Ph,3–5 Years,Relevant MS / MPhil,GAT (Subject) + Interview,https://pu.edu.pk/fee,https://pu.edu.pk/program/index/Ph.%20D
University of the Punjab,Lahore,PhD,Ph.D in Business Administration (Morning) School of Economics Degree Program Name Ph,3–5 Years,Relevant MS / MPhil,GAT (Subject) + Interview,https://pu.edu.pk/fee,https://pu.edu.pk/program/index/Ph.%20D
University of the Punjab,Lahore,PhD,Ph.D in Clinical Psychology Department of Gender Studies Degree Program Name Ph,3–5 Years,Relevant MS / MPhil,GAT (Subject) + Interview,https://pu.edu.pk/fee,https://pu.edu.pk/program/index/Ph.%20D
University of the Punjab,Lahore,PhD,Ph.D in History Department of Philosophy Degree Program Name Ph,3–5 Years,Relevant MS / MPhil,GAT (Subject) + Interview,https://pu.edu.pk/fee,https://pu.edu.pk/program/index/Ph.%20D
University of the Punjab,Lahore,PhD,Ph.D in Information Management Sub department under School of Communication Studies,3–5 Years,Relevant MS / MPhil,GAT (Subject) + Interview,https://pu.edu.pk/fee,https://pu.edu.pk/program/index/Ph.%20D
University of the Punjab,Lahore,PhD,Ph.D in Social Work Institute of Applied Psychology Degree Program Name Ph,3–5 Years,Relevant MS / MPhil,GAT (Subject) + Interview,https://pu.edu.pk/fee,https://pu.edu.pk/program/index/Ph.%20D
University of the Punjab,Lahore,PhD,Ph.D in Statistics (Morning) Department of Physics Degree Program Name Ph,3–5 Years,Relevant MS / MPhil,GAT (Subject) + Interview,https://pu.edu.pk/fee,https://pu.edu.pk/program/index/Ph.%20D
University of the Punjab,Lahore,PhD,Ph.D. (Agriculture) Department of Plant Pathology Degree Program Name Ph,3–5 Years,Relevant MS / MPhil,GAT (Subject) + Interview,https://pu.edu.pk/fee,https://pu.edu.pk/program/index/Ph.%20D
University of the Punjab,Lahore,PhD,Ph.D. (Agriculture) Faculty of Arts and Humanities Centre for South Asian Studies Degree Program Name Ph,3–5 Years,Relevant MS / MPhil,GAT (Subject) + Interview,https://pu.edu.pk/fee,https://pu.edu.pk/program/index/Ph.%20D
University of the Punjab,Lahore,PhD,Ph.D. (Business Management) Faculty of Computing & Information Technology Department of Computer Science Degree Program Name Ph,3–5 Years,Relevant MS / MPhil,GAT (Subject) + Interview,https://pu.edu.pk/fee,https://pu.edu.pk/program/index/Ph.%20D
University of the Punjab,Lahore,PhD,Ph.D. (Commerce) (,3–5 Years,Relevant MS / MPhil,GAT (Subject) + Interview,https://pu.edu.pk/fee,https://pu.edu.pk/program/index/Ph.%20D
University of the Punjab,Lahore,PhD,Ph.D. (Economics) Faculty of Chemical and Materials Engineering Institute of Chemical Engineering & Technology Degree Program Name Ph,3–5 Years,Relevant MS / MPhil,GAT (Subject) + Interview,https://pu.edu.pk/fee,https://pu.edu.pk/program/index/Ph.%20D
University of the Punjab,Lahore,PhD,Ph.D. (High Energy Physics) Centre of Excellence in Solid State Physics Degree Program Name Ph,3–5 Years,Relevant MS / MPhil,GAT (Subject) + Interview,https://pu.edu.pk/fee,https://pu.edu.pk/program/index/Ph.%20D
University of the Punjab,Lahore,PhD,Ph.D. Biochemistry Ph,3–5 Years,Relevant MS / MPhil,GAT (Subject) + Interview,https://pu.edu.pk/fee,https://pu.edu.pk/program/index/Ph.%20D
University of the Punjab,Lahore,PhD,Ph.D. Biological Sciences Faculty of Oriental Learning Department of Arabic Degree Program Name Ph,3–5 Years,Relevant MS / MPhil,GAT (Subject) + Interview,https://pu.edu.pk/fee,https://pu.edu.pk/program/index/Ph.%20D
University of the Punjab,Lahore,PhD,Ph.D. Chemistry Allama-Iqbal Campus Faculty of Arts and Humanities Sub department under College of Art & Design,3–5 Years,Relevant MS / MPhil,GAT (Subject) + Interview,https://pu.edu.pk/fee,https://pu.edu.pk/program/index/Ph.%20D
University of the Punjab,Lahore,PhD,Ph.D. Energy & Environmental Engineering Faculty of Geo-Sciences Centre For Integrated Mountain Research (CIMR) Degree Program Name Ph,3–5 Years,Relevant MS / MPhil,GAT (Subject) + Interview,https://pu.edu.pk/fee,https://pu.edu.pk/program/index/Ph.%20D
University of the Punjab,Lahore,PhD,Ph.D. Environmental Sciences Ph,3–5 Years,Relevant MS / MPhil,GAT (Subject) + Interview,https://pu.edu.pk/fee,https://pu.edu.pk/program/index/Ph.%20D
University of the Punjab,Lahore,PhD,Ph.D. Geography Institute of Geology Degree Program Name Ph,3–5 Years,Relevant MS / MPhil,GAT (Subject) + Interview,https://pu.edu.pk/fee,https://pu.edu.pk/program/index/Ph.%20D
University of the Punjab,Lahore,PhD,Ph.D. Industrial Engineering & Management Institute of Quality & Technology Management Degree Program Name Ph,3–5 Years,Relevant MS / MPhil,GAT (Subject) + Interview,https://pu.edu.pk/fee,https://pu.edu.pk/program/index/Ph.%20D
University of the Punjab,Lahore,PhD,Ph.D. International Relations Program (Afternoon Self Supporting) Ph,3–5 Years,Relevant MS / MPhil,GAT (Subject) + Interview,https://pu.edu.pk/fee,https://pu.edu.pk/program/index/Ph.%20D
University of the Punjab,Lahore,PhD,Ph.D. International Relations Program Ph,3–5 Years,Relevant MS / MPhil,GAT (Subject) + Interview,https://pu.edu.pk/fee,https://pu.edu.pk/program/index/Ph.%20D
University of the Punjab,Lahore,PhD,Ph.D. Media & Communication Studies Sub department under School of Communication Studies,3–5 Years,Relevant MS / MPhil,GAT (Subject) + Interview,https://pu.edu.pk/fee,https://pu.edu.pk/program/index/Ph.%20D
University of the Punjab,Lahore,PhD,Ph.D. Microbiology & Molecular Genetics (Regular) Institute of Zoology Degree Program Name Ph,3–5 Years,Relevant MS / MPhil,GAT (Subject) + Interview,https://pu.edu.pk/fee,https://pu.edu.pk/program/index/Ph.%20D
University of the Punjab,Lahore,PhD,Ph.D. Pakistan Studies Faculty of Behavioral and Social Sciences Centre for Clinical Psychology Degree Program Name Ph,3–5 Years,Relevant MS / MPhil,GAT (Subject) + Interview,https://pu.edu.pk/fee,https://pu.edu.pk/program/index/Ph.%20D
University of the Punjab,Lahore,PhD,Ph.D. Pharmacy in Pharmaceutical Chemistry Ph,3–5 Years,Relevant MS / MPhil,GAT (Subject) + Interview,https://pu.edu.pk/fee,https://pu.edu.pk/program/index/Ph.%20D
University of the Punjab,Lahore,PhD,Ph.D. Pharmacy in Pharmaceutics Ph,3–5 Years,Relevant MS / MPhil,GAT (Subject) + Interview,https://pu.edu.pk/fee,https://pu.edu.pk/program/index/Ph.%20D
University of the Punjab,Lahore,PhD,Ph.D. Pharmacy in Pharmacognosy Gujranwala Campus Faculty of Commerce Khanspur Campus Jhelum Campus Pothohar Campus Note,3–5 Years,Relevant MS / MPhil,GAT (Subject) + Interview,https://pu.edu.pk/fee,https://pu.edu.pk/program/index/Ph.%20D
University of the Punjab,Lahore,PhD,Ph.D. Pharmacy in Pharmacology Ph,3–5 Years,Relevant MS / MPhil,GAT (Subject) + Interview,https://pu.edu.pk/fee,https://pu.edu.pk/program/index/Ph.%20D
University of the Punjab,Lahore,PhD,Ph.D. Political Science (Afternoon Self Supporting) Department of Social Work Degree Program Name Ph,3–5 Years,Relevant MS / MPhil,GAT (Subject) + Interview,https://pu.edu.pk/fee,https://pu.edu.pk/program/index/Ph.%20D
University of the Punjab,Lahore,PhD,Ph.D. Polymer Technology (Regular Programme) Faculty of Commerce Hailey College of Commerce Degree Program Name Ph,3–5 Years,Relevant MS / MPhil,GAT (Subject) + Interview,https://pu.edu.pk/fee,https://pu.edu.pk/program/index/Ph.%20D
University of the Punjab,Lahore,PhD,Ph.D. Produced Annual Reports Debates Sports Community Services Authorized Bank Branches List of all Ph,3–5 Years,Relevant MS / MPhil,GAT (Subject) + Interview,https://pu.edu.pk/fee,https://pu.edu.pk/program/index/Ph.%20D
University of the Punjab,Lahore,PhD,Ph.D. Public Health (Evening Self-Supporting Program) Faculty of Information and Media Studies Institute of Information Management Degree Program Name Ph,3–5 Years,Relevant MS / MPhil,GAT (Subject) + Interview,https://pu.edu.pk/fee,https://pu.edu.pk/program/index/Ph.%20D
University of the Punjab,Lahore,PhD,Ph.D. Punjabi (Morning) Institute of Urdu Language & Literature Degree Program Name Ph,3–5 Years,Relevant MS / MPhil,GAT (Subject) + Interview,https://pu.edu.pk/fee,https://pu.edu.pk/program/index/Ph.%20D
University of the Punjab,Lahore,PhD,Ph.D. Sociology (Morning,3–5 Years,Relevant MS / MPhil,GAT (Subject) + Interview,https://pu.edu.pk/fee,https://pu.edu.pk/program/index/Ph.%20D
University of the Punjab,Lahore,PhD,Ph.D. Solid State Physics College of Statistical Sciences Degree Program Name Ph,3–5 Years,Relevant MS / MPhil,GAT (Subject) + Interview,https://pu.edu.pk/fee,https://pu.edu.pk/program/index/Ph.%20D
University of the Punjab,Lahore,PhD,Ph.D. Sports Sciences & Physical Education Institute of English Studies Degree Program Name Ph,3–5 Years,Relevant MS / MPhil,GAT (Subject) + Interview,https://pu.edu.pk/fee,https://pu.edu.pk/program/index/Ph.%20D
University of the Punjab,Lahore,PhD,Ph.D. TQM Faculty of Science Centre for High Energy Physics Degree Program Name Ph,3–5 Years,Relevant MS / MPhil,GAT (Subject) + Interview,https://pu.edu.pk/fee,https://pu.edu.pk/program/index/Ph.%20D
University of the Punjab,Lahore,PhD,Ph.D. Zoology (Regular) Ph,3–5 Years,Relevant MS / MPhil,GAT (Subject) + Interview,https://pu.edu.pk/fee,https://pu.edu.pk/program/index/Ph.%20D
University of the Punjab,Lahore,PhD,Ph.D. in Islamic Studies Faculty of Law University Law College Degree Program Name Ph,3–5 Years,Relevant MS / MPhil,GAT (Subject) + Interview,https://pu.edu.pk/fee,https://pu.edu.pk/program/index/Ph.%20D
University of the Punjab,Lahore,PhD,Ph.D. in Law Faculty of Life-Sciences Institute of Botany Degree Program Name Ph,3–5 Years,Relevant MS / MPhil,GAT (Subject) + Interview,https://pu.edu.pk/fee,https://pu.edu.pk/program/index/Ph.%20D
University of the Punjab,Lahore,PhD,Ph.D. in South Asian Studies Department of History & Pakistan Studies Degree Program Name Ph,3–5 Years,Relevant MS / MPhil,GAT (Subject) + Interview,https://pu.edu.pk/fee,https://pu.edu.pk/program/index/Ph.%20D
University of the Punjab,Lahore,PhD,PhD (Data Science) Department of Information Technology Degree Program Name Ph,3–5 Years,Relevant MS / MPhil,GAT (Subject) + Interview,https://pu.edu.pk/fee,https://pu.edu.pk/program/index/Ph.%20D
University of the Punjab,Lahore,PhD,PhD (Industrial Chemistry) Ph,3–5 Years,Relevant MS / MPhil,GAT (Subject) + Interview,https://pu.edu.pk/fee,https://pu.edu.pk/program/index/Ph.%20D
University of the Punjab,Lahore,PhD,PhD Artificial Intelligence Faculty of Life-Sciences Faculty of Oriental Learning Department of Kashmiriat Degree Program Name Ph,3–5 Years,Relevant MS / MPhil,GAT (Subject) + Interview,https://pu.edu.pk/fee,https://pu.edu.pk/program/index/Ph.%20D
University of the Punjab,Lahore,PhD,PhD English (Literature) Pakistan Study Centre Degree Program Name Ph,3–5 Years,Relevant MS / MPhil,GAT (Subject) + Interview,https://pu.edu.pk/fee,https://pu.edu.pk/program/index/Ph.%20D
University of the Punjab,Lahore,PhD,PhD Philosophy Department of Sports Sciences & Physical Education Degree Program Name Ph,3–5 Years,Relevant MS / MPhil,GAT (Subject) + Interview,https://pu.edu.pk/fee,https://pu.edu.pk/program/index/Ph.%20D
University of the Punjab,Lahore,PhD,PhD Physics (Regular) Institute of Mathematics Degree Program Name Ph,3–5 Years,Relevant MS / MPhil,GAT (Subject) + Interview,https://pu.edu.pk/fee,https://pu.edu.pk/program/index/Ph.%20D
University of the Punjab,Lahore,PhD,PhD in Administrative Sciences Institute of Business Administration (IBA) Degree Program Name Ph,3–5 Years,Relevant MS / MPhil,GAT (Subject) + Interview,https://pu.edu.pk/fee,https://pu.edu.pk/program/index/Ph.%20D
University of the Punjab,Lahore,PhD,PhD in Geo-environmental Conservation and Sustainable Development (GCSD) College of Earth & Environmental Sciences Degree Program Name Ph,3–5 Years,Relevant MS / MPhil,GAT (Subject) + Interview,https://pu.edu.pk/fee,https://pu.edu.pk/program/index/Ph.%20D
University of the Punjab,Lahore,PhD,PhD in Special Education (Regular) Faculty of Electrical,3–5 Years,Relevant MS / MPhil,GAT (Subject) + Interview,https://pu.edu.pk/fee,https://pu.edu.pk/program/index/Ph.%20D
University of the Punjab,Lahore,PhD,PhD. Art & Design (Art History & Studio Practice) Faculty of Commerce Hailey College of Banking & Finance Degree Program Name Ph,3–5 Years,Relevant MS / MPhil,GAT (Subject) + Interview,https://pu.edu.pk/fee,https://pu.edu.pk/program/index/Ph.%20D
