Institute,City,Campus,Degree,Program,Duration,Eligibility Criteria,Test Requirement,Fee (PKR),Fee Type,Apply Deadline (2026),Program URL
National University of Modern Languages,Islamabad,Main Campus,BS,B.Ed (Hons.) 4 Year,4 Year,Eligibility: FA / F.Sc with 45% marks OR Equivalent. Courses: S.No Course Code Subject Credit Hours 1 ESIS-411 Islamic Studiers / Ethics 02 2 ESFE-412 Functional English-I 3 3 ESES-413 Introduction to Environmental Sciences 3 4 ESUD-431 Urdu 3 5 ESFE-441 Foundations of Education 3 6 ESDE-442 Development of Education in Pakistan 3 7 ESGM-414 General Mathematics 3 8 ESQA-415 Quantitative/Analytical ,NUML Undergraduate Entry Test / Merit Based,75000,Per Semester,2026-02-03,https://numl.edu.pk/programs/program/257
National University of Modern Languages,Islamabad,Main Campus,BS,B.Ed (Bridging),4 Year,"Eligibility: Bachelor’s Degree with 45% marks. Candidates having studied the relevant subject at BA / BSc level will be preferred . National University of Modern Languages H-9/4 Islamabad ,Pakistan Phone: +92-51-9265100 Email: info@numl.edu.pk Regional Campuses Lahore Campus Faisalabad Campus Multan Campus Hyderabad Campus Quetta Campus Peshawar Campus Karachi Campus Rawalpindi MirpurAJK Campus 20",NUML Undergraduate Entry Test / Merit Based,75000,Per Semester,2026-02-03,https://numl.edu.pk/programs/program/341
National University of Modern Languages,Islamabad,Main Campus,BS,BS Early Childhood Care And Education,4 Year,Eligibility: Intermediate with 45% marks OR A-Level with 50% marks OR Equivalent Courses: S.No Course Code Subject Credit Hours 1 ESIS-411 Islamic Studies / Ethics 02 2 ESEN-412 Functional English-I 03 3 ESIE-413 Applications of Instructional and Communication Technologies 03 4 ESCD - 441 Child Growth and Development 03 5 ESPE - 442 Philosophical Foundations of Early Childhood Education 03 6 ESIE ,NUML Undergraduate Entry Test / Merit Based,75000,Per Semester,2026-02-03,https://numl.edu.pk/programs/program/361
National University of Modern Languages,Islamabad,Main Campus,BS,B.Ed 1.5 Year,4 Year,Eligibility: MA / MSc with 45% marks. Courses: S.No Course Code Subject Credit Hours 1 ESTW-511 Technical Writing and Presentation Skills 03 2 ESIT-512 Instructional and Communication Technologies (ICT) in Education 03 3 ESQA-513 Quantitative/Analytical Reasoning 03 4 ESFE-541 Foundation of Education 03 5 ESMT-542 General Methods of Teaching 03 6 ESCD-543 Curriculum Development 03 7 ESEN-544 Engli,NUML Undergraduate Entry Test / Merit Based,75000,Per Semester,2026-02-03,https://numl.edu.pk/programs/program/362
National University of Modern Languages,Islamabad,Main Campus,BS,BS Health And Physical Education,4 Year,Eligibility: Intermediate with 45% marks OR A – Level with 50% marks OR Equivalent Courses: S.No Course Code Subject Credit Hours 1 ESIS - 411 Islamic Studies / Ethics 02 2 ESEN - 412 Functional English-I 03 3 ESES - 413 Everyday Science 03 4 ESRM - 441 Role of Media in Sports 03 5 ESTI - 442 Talent Identification in Sports 03 6 ESPE - 443 Philosophical Foundations of Physical Education 03 7 ESQA ,NUML Undergraduate Entry Test / Merit Based,75000,Per Semester,2026-02-03,https://numl.edu.pk/programs/program/400
National University of Modern Languages,Islamabad,Main Campus,BS,BS Educational Leadership And Management,4 Year,Eligibility: Intermediate with 45% marks OR A – Level with 50% marks OR Equivalent Courses: S.No Course Code Subject Credit Hours 1 ESIS-411 Islamic Studies / Ethics 02 2 ESEN-412 Functional English-I 03 3 ESIE-413 Applications of Instructional and Communication Technologies 03 4 ESLM-441 Fundamentals of Leadership and Management 03 5 ESSS-442 School Supervision 03 6 ESEP-443 Basic Concepts in Edu,NUML Undergraduate Entry Test / Merit Based,75000,Per Semester,2026-02-03,https://numl.edu.pk/programs/program/401
National University of Modern Languages,Islamabad,Main Campus,BS,BS Special Education,4 Year,"Eligibility: Intermediate with 45% marks OR A – Level with 50% marks OR Equivalent. National University of Modern Languages H-9/4 Islamabad ,Pakistan Phone: +92-51-9265100 Email: info@numl.edu.pk Regional Campuses Lahore Campus Faisalabad Campus Multan Campus Hyderabad Campus Quetta Campus Peshawar Campus Karachi Campus Rawalpindi MirpurAJK Campus 2026 © National University of Modern Languages, Is",NUML Undergraduate Entry Test / Merit Based,75000,Per Semester,2026-02-03,https://numl.edu.pk/programs/program/538
National University of Modern Languages,Islamabad,Main Campus,BS,BS Ed (Hons),4 Year,"Eligibility: FSc with 45% marks OR A – Level with 50% marks OR Equivalent. National University of Modern Languages H-9/4 Islamabad ,Pakistan Phone: +92-51-9265100 Email: info@numl.edu.pk Regional Campuses Lahore Campus Faisalabad Campus Multan Campus Hyderabad Campus Quetta Campus Peshawar Campus Karachi Campus Rawalpindi MirpurAJK Campus 2026 © National University of Modern Languages, Islamabad. ",NUML Undergraduate Entry Test / Merit Based,75000,Per Semester,2026-02-03,https://numl.edu.pk/programs/program/539
National University of Modern Languages,Islamabad,Main Campus,BS,BS International Relations,,Eligibility: Intermediate with 45% marks OR A – Level with 50% marks OR Equivalent. Courses: S.No Course Code Subject Credit Hours 1 IRFN-101 Functional English 03 2 IRPM-142 Introduction to Geography 03 3 IRMT-103 Basic Mathematics 03 4 IRIR-141 Introduction to International Relations 03 5 IRCC-117 Civic and Community Engagement 03 6 IRPS-122 Introduction to Political Science 03 7 IREN-104 Englis,NUML Undergraduate Entry Test / Merit Based,75000,Per Semester,2026-02-03,https://numl.edu.pk/programs/program/252
National University of Modern Languages,Islamabad,Main Campus,BS,BS Peace & Conflict Studies,,"Eligibility: Intermediate with 45% marks OR A – Level with 50% marks OR Equivalent. National University of Modern Languages H-9/4 Islamabad ,Pakistan Phone: +92-51-9265100 Email: info@numl.edu.pk Regional Campuses Lahore Campus Faisalabad Campus Multan Campus Hyderabad Campus Quetta Campus Peshawar Campus Karachi Campus Rawalpindi MirpurAJK Campus 2026 © National University of Modern Languages, Is",NUML Undergraduate Entry Test / Merit Based,75000,Per Semester,2026-02-03,https://numl.edu.pk/programs/program/262
National University of Modern Languages,Islamabad,Main Campus,BS,BS Peace & Conflict Studies (Bridging),,"Eligibility: Bachelor’s Degree with 45% marks. Candidates having studied the relevant subject at BA / BSc level will be preferred. National University of Modern Languages H-9/4 Islamabad ,Pakistan Phone: +92-51-9265100 Email: info@numl.edu.pk Regional Campuses Lahore Campus Faisalabad Campus Multan Campus Hyderabad Campus Quetta Campus Peshawar Campus Karachi Campus Rawalpindi MirpurAJK Campus 202",NUML Undergraduate Entry Test / Merit Based,75000,Per Semester,2026-02-03,https://numl.edu.pk/programs/program/338
National University of Modern Languages,Islamabad,Main Campus,BS,BS Media & Communication Studies,,Eligibility: Intermediate with 45% marks OR A – Level with 50% marks OR Equivalent. Courses: S.No Course Code Subject Credit Hours 1 MCIS-105 Islamic Studies/Ethics 3 2 MCCS-101 Communication Skills 3 3 MCIM-121 Introduction to Mass Communication 3 4 MCIT-111 Fundamentals of ICT 3 5 MCSP-112 Social Psychology 3 6 MCMS-114 Mathematics 3 7 MCMP-122 Mass Media in Pakistan 3 8 MCEL-102 English Literat,NUML Undergraduate Entry Test / Merit Based,75000,Per Semester,2026-02-03,https://numl.edu.pk/programs/program/258
National University of Modern Languages,Islamabad,Main Campus,BS,BS - History,,"Eligibility: Intermediate FA/HSSC /FS.c/ A-Leavel National University of Modern Languages H-9/4 Islamabad ,Pakistan Phone: +92-51-9265100 Email: info@numl.edu.pk Regional Campuses Lahore Campus Faisalabad Campus Multan Campus Hyderabad Campus Quetta Campus Peshawar Campus Karachi Campus Rawalpindi MirpurAJK Campus 2026 © National University of Modern Languages, Islamabad. Privacy Policy Admission ",NUML Undergraduate Entry Test / Merit Based,75000,Per Semester,2026-02-03,https://numl.edu.pk/programs/program/440
National University of Modern Languages,Islamabad,Main Campus,BS,BS Pakistan Studies,4 Year,"Eligibility: Intermediate with 45% marks OR A – Level with 50% marks OR Equivalent. National University of Modern Languages H-9/4 Islamabad ,Pakistan Phone: +92-51-9265100 Email: info@numl.edu.pk Regional Campuses Lahore Campus Faisalabad Campus Multan Campus Hyderabad Campus Quetta Campus Peshawar Campus Karachi Campus Rawalpindi MirpurAJK Campus 2026 © National University of Modern Languages, Is",NUML Undergraduate Entry Test / Merit Based,75000,Per Semester,2026-02-03,https://numl.edu.pk/programs/program/234
National University of Modern Languages,Islamabad,Main Campus,BS,BS Pakistan Studies (Bridging),,"Eligibility: Bachelor’s Degree with 45% marks. Candidates having studied the relevant subject at BA / BSc level will be preferred. National University of Modern Languages H-9/4 Islamabad ,Pakistan Phone: +92-51-9265100 Email: info@numl.edu.pk Regional Campuses Lahore Campus Faisalabad Campus Multan Campus Hyderabad Campus Quetta Campus Peshawar Campus Karachi Campus Rawalpindi MirpurAJK Campus 202",NUML Undergraduate Entry Test / Merit Based,75000,Per Semester,2026-02-03,https://numl.edu.pk/programs/program/340
National University of Modern Languages,Islamabad,Main Campus,BS,BS History,,"Eligibility: Intermediate with 45% marks OR A – Level with 50% marks OR Equivalent National University of Modern Languages H-9/4 Islamabad ,Pakistan Phone: +92-51-9265100 Email: info@numl.edu.pk Regional Campuses Lahore Campus Faisalabad Campus Multan Campus Hyderabad Campus Quetta Campus Peshawar Campus Karachi Campus Rawalpindi MirpurAJK Campus 2026 © National University of Modern Languages, Isl",NUML Undergraduate Entry Test / Merit Based,75000,Per Semester,2026-02-03,https://numl.edu.pk/programs/program/402
National University of Modern Languages,Islamabad,Main Campus,BS,BS Islamic Studies,,Eligibility: -Intermediate with 45% marks -O /A – Level with 50% marks OR Equivalent. Courses: S.No Course Code Subject Credit Hours 1 ISIS-111 Islamic studies/ basic Islamic discipline (G) 03 2 ISFE-112 Functional English 03 3 ISMC-115 Intro to Media Communication 03 4 ISTQ-141 Tajweed lugat-ul Quran (M) 03 5 ISAL-142 Basics of Arabic language (M) 03 6 ISQR214 Islamic Arts and Humanities 03 7 ISI,NUML Undergraduate Entry Test / Merit Based,75000,Per Semester,2026-02-03,https://numl.edu.pk/programs/program/202
National University of Modern Languages,Islamabad,Main Campus,BS,BS Islamic Studies (Bridging),,Eligibility: Bachelor’s Degree with 45% marks. Candidates having studied the relevant subject at BA / BSc level will be preferred. Courses: S.No Course Code Subject Credit Hours 1 ISAL-506 Arabic Language 03 2 ISBC-507 Basic Contents of Islamic Studies 03 3 ISIC-303 Introduction to Computer 03 4 ISMT-509 Mathematics 03 5 ISTQ-121 Tajweed-Ul-Quran 03 6 ISHT-629 History of Tafseer 03 7 ISWR-646 Intr,NUML Undergraduate Entry Test / Merit Based,75000,Per Semester,2026-02-03,https://numl.edu.pk/programs/program/339
National University of Modern Languages,Islamabad,Main Campus,BS,Associate Degree In Islamic Studies,,"Eligibility: Intermediate with 45% marks OR A – Level with 50% marks OR Equivalent. National University of Modern Languages H-9/4 Islamabad ,Pakistan Phone: +92-51-9265100 Email: info@numl.edu.pk Regional Campuses Lahore Campus Faisalabad Campus Multan Campus Hyderabad Campus Quetta Campus Peshawar Campus Karachi Campus Rawalpindi MirpurAJK Campus 2026 © National University of Modern Languages, Is",NUML Undergraduate Entry Test / Merit Based,75000,Per Semester,2026-02-03,https://numl.edu.pk/programs/program/542
National University of Modern Languages,Islamabad,Main Campus,BS,BS Computer Science (BSCS),,"Eligibility: Intermediate with any one of the following combinations with 50% marks:  (1) Maths, Physics and Chemistry.  (2) Maths, Stats and Computer (3) Maths, Physics and Computer (4) Maths, Stats and Physics (5) Maths, Stats and Economics, (6) Physics, Chemistry& Biology.  OR Diploma in Associate Engineering Examination with at least 60% aggregate marks in the relevant discipline. National Uni",NUML Undergraduate Entry Test / Merit Based,75000,Per Semester,2026-02-03,https://numl.edu.pk/programs/program/57
National University of Modern Languages,Islamabad,Main Campus,BS,BS Artificial Intelligence (BS AI),,"Eligibility: 1. Intermediate with any one of the following combinations with 50% marks: Maths, Physics and Chemistry Maths, Stats and Computer Maths, Physics and Computer Maths, Stats and Physics Maths, Stats and Economics Physics, Chemistry and Biology 2. Diploma in Associate Engineering Examination with at least 60% aggregate marks in the relevant discipline. National University of Modern Langua",NUML Undergraduate Entry Test / Merit Based,75000,Per Semester,2026-02-03,https://numl.edu.pk/programs/program/352
National University of Modern Languages,Islamabad,Main Campus,BS,Associate Degree In Computing,,"Eligibility: Intermediate with Mathematics - 50% marks or Equivalent. Students who have not studied Mathematics at Intermediate level have to pass deficiency courses of Mathematics (06 credits) in first two semesters. National University of Modern Languages H-9/4 Islamabad ,Pakistan Phone: +92-51-9265100 Email: info@numl.edu.pk Regional Campuses Lahore Campus Faisalabad Campus Multan Campus Hydera",NUML Undergraduate Entry Test / Merit Based,75000,Per Semester,2026-02-03,https://numl.edu.pk/programs/program/460
National University of Modern Languages,Islamabad,Main Campus,BS,BE Electrical Engineering,,"Eligibility: a. FSc - Pre-Engineering (Physics, Mathematics & Chemistry) from any board of Intermediate and Secondary Education OR an Equivalent foreign qualification with Physics, Mathematics & Chemistry. b. At least 60 % aggregate marks each in Matric and FSc. Equivalent marks for Foreign qualification to be determined by IBCC, Islamabad. c. Diploma of Associate Engineering Examination with at l",NUML Undergraduate Entry Test / Merit Based,75000,Per Semester,2026-02-03,https://numl.edu.pk/programs/program/189
National University of Modern Languages,Islamabad,Main Campus,BS,BS Electronics,,"Eligibility: For admission into BS Electronics, 45% Marks in intermediate with Physics or Mathematics or equivalent degree from accredited Institution List of BS Elective Courses Industrial Automation Internet of Things Power Electronics Laser and Fiber Optics Advance Computer Programming Opto-electronics Nanotechnology Linear Integrated Circuits Antennas & Wave Propagation Artificial Intelligence",NUML Undergraduate Entry Test / Merit Based,75000,Per Semester,2026-02-03,https://numl.edu.pk/programs/program/349
National University of Modern Languages,Islamabad,Main Campus,BS,BS Computer Engineering,,Eligibility Criteria: Minimum 60% marks in Intermediate / 12 years schooling / A-Level (HSSC) or Equivalent with Mathematics are required for admission in the BS Computer Engineering Program. Students of F.Sc. Pre-Medical shall be required to pass two additional Mathematics courses to make up for the deficient background in Mathematics at HSSC. Additional Mathematics Courses Course Semester Requir,NUML Undergraduate Entry Test / Merit Based,75000,Per Semester,2026-02-03,https://numl.edu.pk/programs/program/520
National University of Modern Languages,Islamabad,Main Campus,BS,BS Robotics & Intelligent Systems,,Eligibility Criteria: Minimum 60% marks in Intermediate / 12 years schooling / A-Level (HSSC) or Equivalent with Mathematics are required for admission in the BS Computer Engineering Program. Students of F.Sc. Pre-Medical shall be required to pass two additional Mathematics courses to make up for the deficient background in Mathematics at HSSC. Additional Mathematics Courses Course Semester Requir,NUML Undergraduate Entry Test / Merit Based,75000,Per Semester,2026-02-03,https://numl.edu.pk/programs/program/535
National University of Modern Languages,Islamabad,Main Campus,BS,BS German,,"Eligibility: Intermediate with 2nd Div OR A–Level with 50% marks OR Equivalent. National University of Modern Languages H-9/4 Islamabad ,Pakistan Phone: +92-51-9265100 Email: info@numl.edu.pk Regional Campuses Lahore Campus Faisalabad Campus Multan Campus Hyderabad Campus Quetta Campus Peshawar Campus Karachi Campus Rawalpindi MirpurAJK Campus 2026 © National University of Modern Languages, Islama",NUML Undergraduate Entry Test / Merit Based,75000,Per Semester,2026-02-03,https://numl.edu.pk/programs/program/215
National University of Modern Languages,Islamabad,Main Campus,BS,BS Pashto,4 Year,"Eligibility: Intermediate with 45% marks OR A – Level with 50% marks OR Equivalent. National University of Modern Languages H-9/4 Islamabad ,Pakistan Phone: +92-51-9265100 Email: info@numl.edu.pk Regional Campuses Lahore Campus Faisalabad Campus Multan Campus Hyderabad Campus Quetta Campus Peshawar Campus Karachi Campus Rawalpindi MirpurAJK Campus 2026 © National University of Modern Languages, Is",NUML Undergraduate Entry Test / Merit Based,75000,Per Semester,2026-02-03,https://numl.edu.pk/programs/program/136
National University of Modern Languages,Islamabad,Main Campus,BS,BS Balochi,,"Eligibility: Intermediate with 2nd Div OR A–Level with 50% marks OR Equivalent. National University of Modern Languages H-9/4 Islamabad ,Pakistan Phone: +92-51-9265100 Email: info@numl.edu.pk Regional Campuses Lahore Campus Faisalabad Campus Multan Campus Hyderabad Campus Quetta Campus Peshawar Campus Karachi Campus Rawalpindi MirpurAJK Campus 2026 © National University of Modern Languages, Islama",NUML Undergraduate Entry Test / Merit Based,75000,Per Semester,2026-02-03,https://numl.edu.pk/programs/program/293
National University of Modern Languages,Islamabad,Main Campus,BS,BS Punjabi,,"Eligibility: Intermediate with 2nd Division OR A–Level with 50% marks OR Equivalent. National University of Modern Languages H-9/4 Islamabad ,Pakistan Phone: +92-51-9265100 Email: info@numl.edu.pk Regional Campuses Lahore Campus Faisalabad Campus Multan Campus Hyderabad Campus Quetta Campus Peshawar Campus Karachi Campus Rawalpindi MirpurAJK Campus 2026 © National University of Modern Languages, I",NUML Undergraduate Entry Test / Merit Based,75000,Per Semester,2026-02-03,https://numl.edu.pk/programs/program/407
National University of Modern Languages,Islamabad,Main Campus,BS,BS Urdu (Bridging),,Eligibility: BA/BSc with 45% marks & having an elective subject in the target language OR BA/BSc with 45% marks & Diploma / Advanced Diploma preferably Interpretation level in the Language from NUML OR equivalent. Courses: S.No Course Code Subject Credit Hours 1 URBR-101 Basic English 3 2 URBR-102 Computer B 3 3 URBR-103 Basic Mathematics 3 4 URBR-111 Principle of Management 2 5 URBR-121 Classical,NUML Undergraduate Entry Test / Merit Based,75000,Per Semester,2026-02-03,https://numl.edu.pk/programs/program/60
National University of Modern Languages,Islamabad,Main Campus,BS,BS Urdu,,Eligibility: Intermediate with 2nd Division or A-Level with 50% marks or equivalent. Courses: S.No Course Code Subject Credit Hours 1 URBH-101 Basic English 3 2 URBH-102 Pakistan Studies 3 3 URBH-103 Basic Mathematics 3 4 URBH-111 Introduction to Economics 3 5 URBH-112 Introduction to Psychology 3 6 URBH-121 Classical Poetic Genres 3 7 URBH-104 Advanced English 3 8 URBH-105 Islamiat 3 9 URBH-113 I,NUML Undergraduate Entry Test / Merit Based,75000,Per Semester,2026-02-03,https://numl.edu.pk/programs/program/122
National University of Modern Languages,Islamabad,Main Campus,BS,BS Urdu Foreigners,,Eligibility: Intermediate with 2nd Div OR A–Level with 50% marks OR Equivalent. Courses: S.No Course Code Subject Credit Hours 1 URBF-141 Composition and Dictation 3-0 2 URBF-142 Basic Reading Skills 3-0 3 URBF-121 Basic Grammar 3-0 4 URBF-122 Basic Listening Skills 3-0 5 URBF-123 Basic Speaking Skills 3-0 6 URBF-124 Basic Conversation 3-0 7 URBF-143 Composition and Translation 3-0 8 URBF-144 Read,NUML Undergraduate Entry Test / Merit Based,75000,Per Semester,2026-02-03,https://numl.edu.pk/programs/program/330
National University of Modern Languages,Islamabad,Main Campus,BS,Associate Degree In Urdu,,"Eligibility: Intermediate with 45% marks OR A – Level with 50% marks OR Equivalent. National University of Modern Languages H-9/4 Islamabad ,Pakistan Phone: +92-51-9265100 Email: info@numl.edu.pk Regional Campuses Lahore Campus Faisalabad Campus Multan Campus Hyderabad Campus Quetta Campus Peshawar Campus Karachi Campus Rawalpindi MirpurAJK Campus 2026 © National University of Modern Languages, Is",NUML Undergraduate Entry Test / Merit Based,75000,Per Semester,2026-02-03,https://numl.edu.pk/programs/program/546
National University of Modern Languages,Islamabad,Main Campus,BS,BS-Turkish,,Eligibility: Intermediate/A-Level with having Turkish Language language diploma or equivalent Courses: S.No Course Code Subject Credit Hours 1 BSTK101 Basic Grammar I 3 2 BSTK102 Reading Skills I 3 3 BSTK104 Speaking & Listening Skills I 3 4 BSTK103 Writing Skills I 3 5 GTKC101 Islamic Studies 3 6 GCTK102 English I 3 7 BSTK105 Basic Grammar II 3 8 BSTK106 Reading Skills   II 3 9 BSTK107 Writing Sk,NUML Undergraduate Entry Test / Merit Based,75000,Per Semester,2026-02-03,https://numl.edu.pk/programs/program/187
National University of Modern Languages,Islamabad,Main Campus,BS,BS Chinese Language Teaching (CLT),,"Eligibility: Intermediate with 2nd Division OR A-Level with 50% marks OR Equivalent National University of Modern Languages H-9/4 Islamabad ,Pakistan Phone: +92-51-9265100 Email: info@numl.edu.pk Regional Campuses Lahore Campus Faisalabad Campus Multan Campus Hyderabad Campus Quetta Campus Peshawar Campus Karachi Campus Rawalpindi MirpurAJK Campus 2026 © National University of Modern Languages, Is",NUML Undergraduate Entry Test / Merit Based,75000,Per Semester,2026-02-03,https://numl.edu.pk/programs/program/383
National University of Modern Languages,Islamabad,Main Campus,BS,BS Korean Language & Culture,4 Year,Eligibility: Intermediate with 2nd Div OR A–Level with 50% marks OR Equivalent. Courses: S.No Course Code Subject Credit Hours 1 KOR-BS-101 Introduction of Korean Grammar and Vocabulary (FC) 3 2 KOR-BS-102 Introduction of Korean Culture (GC) 3 3 KOR-BS-103 Oral T-1 (Listening) (FC) 3 4 KOR-BS-104 Basic Korean Reading (FC) 3 5 KOR-BS-105 Introduction to Korean Writing (FC) 3 6 KOR-BS-106 Basic Kore,NUML Undergraduate Entry Test / Merit Based,75000,Per Semester,2026-02-03,https://numl.edu.pk/programs/program/131
National University of Modern Languages,Islamabad,Main Campus,BS,BS Persian,,"Eligibility: Intermediate with 2nd Div OR A–Level with 50% marks OR Equivalent. National University of Modern Languages H-9/4 Islamabad ,Pakistan Phone: +92-51-9265100 Email: info@numl.edu.pk Regional Campuses Lahore Campus Faisalabad Campus Multan Campus Hyderabad Campus Quetta Campus Peshawar Campus Karachi Campus Rawalpindi MirpurAJK Campus 2026 © National University of Modern Languages, Islama",NUML Undergraduate Entry Test / Merit Based,75000,Per Semester,2026-02-03,https://numl.edu.pk/programs/program/291
National University of Modern Languages,Islamabad,Main Campus,BS,BS Persian ( For Foreigners ),,"Eligibility: Intermediate with 2nd Div OR A–Level with 50% marks OR Equivalent. National University of Modern Languages H-9/4 Islamabad ,Pakistan Phone: +92-51-9265100 Email: info@numl.edu.pk Regional Campuses Lahore Campus Faisalabad Campus Multan Campus Hyderabad Campus Quetta Campus Peshawar Campus Karachi Campus Rawalpindi MirpurAJK Campus 2026 © National University of Modern Languages, Islama",NUML Undergraduate Entry Test / Merit Based,75000,Per Semester,2026-02-03,https://numl.edu.pk/programs/program/292
National University of Modern Languages,Islamabad,Main Campus,BS,BS English (Bridging),,Eligibility: Bachelor’s Degree with 45% marks. Applicants must have studied English as a compulsory subject at Graduation level. Preference will be given to those who have studied Elective English at graduation level. Courses: S.No Course Code Subject Credit Hours 1 GC 001 Mathematics 3 2 GC 002 Introduction to I.T Skills 3 3 ENBE- 111 Basic English Language Skills 3 4 ELL 004 Introduction to Lite,NUML Undergraduate Entry Test / Merit Based,75000,Per Semester,2026-02-03,https://numl.edu.pk/programs/program/331
National University of Modern Languages,Islamabad,Main Campus,BS,BS Hindi,4 Year,"Eligibility: Intermediate with 2nd Div OR A–Level with 50% marks OR Equivalent. National University of Modern Languages H-9/4 Islamabad ,Pakistan Phone: +92-51-9265100 Email: info@numl.edu.pk Regional Campuses Lahore Campus Faisalabad Campus Multan Campus Hyderabad Campus Quetta Campus Peshawar Campus Karachi Campus Rawalpindi MirpurAJK Campus 2026 © National University of Modern Languages, Islama",NUML Undergraduate Entry Test / Merit Based,75000,Per Semester,2026-02-03,https://numl.edu.pk/programs/program/212
National University of Modern Languages,Islamabad,Main Campus,BS,BS Bangla,,"Eligibility: Intermediate with 2nd Div OR A–Level with 50% marks OR Equivalent. National University of Modern Languages H-9/4 Islamabad ,Pakistan Phone: +92-51-9265100 Email: info@numl.edu.pk Regional Campuses Lahore Campus Faisalabad Campus Multan Campus Hyderabad Campus Quetta Campus Peshawar Campus Karachi Campus Rawalpindi MirpurAJK Campus 2026 © National University of Modern Languages, Islama",NUML Undergraduate Entry Test / Merit Based,75000,Per Semester,2026-02-03,https://numl.edu.pk/programs/program/290
National University of Modern Languages,Islamabad,Main Campus,BS,BS Arabic,4 Year,"Eligibility: Intermediate with 2nd Division or A-Level with 50% marks or equivalent National University of Modern Languages H-9/4 Islamabad ,Pakistan Phone: +92-51-9265100 Email: info@numl.edu.pk Regional Campuses Lahore Campus Faisalabad Campus Multan Campus Hyderabad Campus Quetta Campus Peshawar Campus Karachi Campus Rawalpindi MirpurAJK Campus 2026 © National University of Modern Languages, Is",NUML Undergraduate Entry Test / Merit Based,75000,Per Semester,2026-02-03,https://numl.edu.pk/programs/program/170
National University of Modern Languages,Islamabad,Main Campus,BS,BS French,4 Year,Eligibility: Intermediate with 2nd Div OR A–Level with 50% marks OR Equivalent. Courses: S.No Course Code Subject Credit Hours 1 FREN-101 English 1 (CC) 3 2 FRPS-102 Pakistan Studies (CC) 2 3 FRTC-121 Text Comprehension & Appreciation 1 (FC) 2 4 FRAG-122 Applied Grammar (A1-A2 Level) (FC) 3 5 FRWS-123 Writing Skills 1 (FC) 2 6 FRSS-124 Speaking Skills 1 (FC) 3 7 FRLS-125 Listening Skills 1 (FC) 1.,NUML Undergraduate Entry Test / Merit Based,75000,Per Semester,2026-02-03,https://numl.edu.pk/programs/program/67
National University of Modern Languages,Islamabad,Main Campus,BS,BS Mathematics,,Eligibility: 50% marks in Intermediate with Mathematics / A level or equivalent with Mathematics OR Diploma in Associate Engineering (DAE) with 60% marks. Courses: S.No Course Code Subject Credit Hours 1 MTCA-101 Calculus-I 3 2 MTSL-102 Elements of Set Theory and Logic 3 3 MTPH-101 Physics-I 4 4 MTIC-111 Introduction to computers 3 5 MTEN-101 English-I (Functional English) 3 6 MTIS-101 Islamic Stu,NUML Undergraduate Entry Test / Merit Based,75000,Per Semester,2026-02-03,https://numl.edu.pk/programs/program/250
National University of Modern Languages,Islamabad,Main Campus,BS,BS Mathematics (Bridging),,"Eligibility: Bachelor’s Degree with 50% marks and having combination of subjects i. Math-A&B ii. Math General & Physics or Math-B. National University of Modern Languages H-9/4 Islamabad ,Pakistan Phone: +92-51-9265100 Email: info@numl.edu.pk Regional Campuses Lahore Campus Faisalabad Campus Multan Campus Hyderabad Campus Quetta Campus Peshawar Campus Karachi Campus Rawalpindi MirpurAJK Campus 202",NUML Undergraduate Entry Test / Merit Based,75000,Per Semester,2026-02-03,https://numl.edu.pk/programs/program/416
National University of Modern Languages,Islamabad,Main Campus,BS,BS Computational Mathematics And Artificial Intelligence,,"Eligibility: 50% marks in Intermediate with Mathematics, ICS / A level or equivalent with Mathematics. Pre-medical background students will have to pass deficiency courses of Mathematics (06 credits) in first two semesters. Courses: S.No Course Code Subject Credit Hours 1 ESFE-101 English 1 3 2 CSIT-102 Application of Information and Communication Technologies(ICT) 3 3 MAAI-166 Introduction to Art",NUML Undergraduate Entry Test / Merit Based,75000,Per Semester,2026-02-03,https://numl.edu.pk/programs/program/537
National University of Modern Languages,Islamabad,Main Campus,BS,Bachelor Of Business Administration,2 Year,"Eligibility: Intermediate (12 Years) With Minimum 45% marks A-Level with Minimum 50% marks. All HEC conditions apply. National University of Modern Languages H-9/4 Islamabad ,Pakistan Phone: +92-51-9265100 Email: info@numl.edu.pk Regional Campuses Lahore Campus Faisalabad Campus Multan Campus Hyderabad Campus Quetta Campus Peshawar Campus Karachi Campus Rawalpindi MirpurAJK Campus 2026 © National ",NUML Undergraduate Entry Test / Merit Based,75000,Per Semester,2026-02-03,https://numl.edu.pk/programs/program/84
National University of Modern Languages,Islamabad,Main Campus,BS,Associate Degree In Business Administration,,"Eligibility: Intermediate with 45% marks OR A – Level with 50% marks OR Equivalent. National University of Modern Languages H-9/4 Islamabad ,Pakistan Phone: +92-51-9265100 Email: info@numl.edu.pk Regional Campuses Lahore Campus Faisalabad Campus Multan Campus Hyderabad Campus Quetta Campus Peshawar Campus Karachi Campus Rawalpindi MirpurAJK Campus 2026 © National University of Modern Languages, Is",NUML Undergraduate Entry Test / Merit Based,75000,Per Semester,2026-02-03,https://numl.edu.pk/programs/program/543
National University of Modern Languages,Islamabad,Main Campus,BS,BS Business Analytics,2 Year,"Eligibility: Intermediate (12 Years) with Minimum 45% marks / A-Level with Minimum 50% marks. National University of Modern Languages H-9/4 Islamabad ,Pakistan Phone: +92-51-9265100 Email: info@numl.edu.pk Regional Campuses Lahore Campus Faisalabad Campus Multan Campus Hyderabad Campus Quetta Campus Peshawar Campus Karachi Campus Rawalpindi MirpurAJK Campus 2026 © National University of Modern Lan",NUML Undergraduate Entry Test / Merit Based,75000,Per Semester,2026-02-03,https://numl.edu.pk/programs/program/594
National University of Modern Languages,Islamabad,Main Campus,BS,BS Financial Technologies,2 Year,"Eligibility: Intermediate (12 Years) with Minimum 45% marks / A-Level with Minimum 50% marks. National University of Modern Languages H-9/4 Islamabad ,Pakistan Phone: +92-51-9265100 Email: info@numl.edu.pk Regional Campuses Lahore Campus Faisalabad Campus Multan Campus Hyderabad Campus Quetta Campus Peshawar Campus Karachi Campus Rawalpindi MirpurAJK Campus 2026 © National University of Modern Lan",NUML Undergraduate Entry Test / Merit Based,75000,Per Semester,2026-02-03,https://numl.edu.pk/programs/program/595
National University of Modern Languages,Islamabad,Main Campus,BS,BS Tourism And Hospitality Management,2 Year,"Eligibility: Intermediate (12 Years) with Minimum 45% marks / A-Level with Minimum 50% marks. National University of Modern Languages H-9/4 Islamabad ,Pakistan Phone: +92-51-9265100 Email: info@numl.edu.pk Regional Campuses Lahore Campus Faisalabad Campus Multan Campus Hyderabad Campus Quetta Campus Peshawar Campus Karachi Campus Rawalpindi MirpurAJK Campus 2026 © National University of Modern Lan",NUML Undergraduate Entry Test / Merit Based,75000,Per Semester,2026-02-03,https://numl.edu.pk/programs/program/596
National University of Modern Languages,Islamabad,Main Campus,BS,Associate Degree In Business Administration,2 Year,"Eligibility: Intermediate (12 Years) with Minimum 45% marks / A-Level with Minimum 50% marks. National University of Modern Languages H-9/4 Islamabad ,Pakistan Phone: +92-51-9265100 Email: info@numl.edu.pk Regional Campuses Lahore Campus Faisalabad Campus Multan Campus Hyderabad Campus Quetta Campus Peshawar Campus Karachi Campus Rawalpindi MirpurAJK Campus 2026 © National University of Modern Lan",NUML Undergraduate Entry Test / Merit Based,75000,Per Semester,2026-02-03,https://numl.edu.pk/programs/program/597
National University of Modern Languages,Islamabad,Main Campus,BS,BS Public Administration And Governance,,Eligibility: Intermediate with 45% marks OR A – Level with 50% marks OR Equivalent Courses: S.No Course Code Subject Credit Hours 1 PAG-501 Functional English (Basic English Skills) 3 2 PAG-502 Islamic Studies/ Ethics (for Non-Muslims) 2 3 PAG-503 Applications of Information and Communication Technologies (ICT) 3 4 PAG-504 Quantitative Reasoning –I 3 5 PAG-505 Introduction to International Relatio,NUML Undergraduate Entry Test / Merit Based,75000,Per Semester,2026-02-03,https://numl.edu.pk/programs/program/165
National University of Modern Languages,Islamabad,Main Campus,BS,BS Economics,,"Eligibility: FSc/ICS/I.Com/ FA with 45% marks / A-Level with 50% marks and preferably having studied any one of the subjects viz: Statistics, Mathematics, Physics, Economics, Computer Science OR Commerce. Courses: S.No Course Code Subject Credit Hours 1 ECEC-101 Principles of Microeconomics 03 2 ECEC-121 Mathematical Economic-I 03 3 ECCS-101 Introduction to Computer 03 4 ECHU-101 Functional Englis",NUML Undergraduate Entry Test / Merit Based,75000,Per Semester,2026-02-03,https://numl.edu.pk/programs/program/70
National University of Modern Languages,Islamabad,Main Campus,BS,BS Economics And Finance,,"Eligibility: FSc/ICS/I.Com/ FA with 45% marks / A-Level with 50% marks and preferably having studied any one of the subjects viz: Statistics, Mathematics, Physics, Economics, Computer Science OR Commerce. Courses: S.No Course Code Subject Credit Hours 1 ECEC-101 Principles of Microeconomics 03 2 ECEC-121 Mathematical Economics-I 03 3 ECCS-101 Introduction to Computer 03 4 ECHU-101 Functional Engli",NUML Undergraduate Entry Test / Merit Based,75000,Per Semester,2026-02-03,https://numl.edu.pk/programs/program/71
National University of Modern Languages,Islamabad,Main Campus,BS,BS Economics & Finance (Bridging),,Eligibility: BA/BSc with 45% marks. Relevancy of courses studied at graduation level is mandatory Courses: S.No Course Code Subject Credit Hours 1 ECHU-102 English 03 2 ECEC-121 Mathematics 03 3 ECCS-101 Computer 03 4 ECMG-261 Management Skills 03 5 ECEC-101 Principles of Economics 03 6 ECEC-102 Statistics for Economists 03 7 ECEC-201 Intermediate Microeconomics 03 8 ECEC-343 Basic Econometrics 03,NUML Undergraduate Entry Test / Merit Based,75000,Per Semester,2026-02-03,https://numl.edu.pk/programs/program/283
National University of Modern Languages,Islamabad,Main Campus,BS,BS Economics (Bridging),,Eligibility: BA/BSc with 45% marks. Relevancy of courses studied at graduation level is mandatory. Courses: S.No Course Code Subject Credit Hours 1 ECHU-102 English 03 2 ECEC-121 Mathematics 03 3 ECCS-101 Computer 03 4 ECMG-261 Management Skills 03 5 ECEC-101 Principles of Economics 03 6 ECEC-102 Statistics for Economists 03 7 ECEC-201 Intermediate Microeconomics 03 8 ECEC-343 Basic Econometrics 0,NUML Undergraduate Entry Test / Merit Based,75000,Per Semester,2026-02-03,https://numl.edu.pk/programs/program/332
National University of Modern Languages,Islamabad,Main Campus,BS,BS Psychology,,"Eligibility: Intermediate with 45% marks OR A – Level with 50% marks OR Equivalent. National University of Modern Languages H-9/4 Islamabad ,Pakistan Phone: +92-51-9265100 Email: info@numl.edu.pk Regional Campuses Lahore Campus Faisalabad Campus Multan Campus Hyderabad Campus Quetta Campus Peshawar Campus Karachi Campus Rawalpindi MirpurAJK Campus 2026 © National University of Modern Languages, Is",NUML Undergraduate Entry Test / Merit Based,75000,Per Semester,2026-02-03,https://numl.edu.pk/programs/program/264
National University of Modern Languages,Islamabad,Main Campus,BS,BS Psychology (Bridging),,"Eligibility: Bachelor’s Degree with 45% marks. Candidates having studied the relevant subject at BA / BSc level will be preferred. After clearing bridging semester, students will join BS 5th semester BS PSYCHOLOGY (Bridging Semester) Semester/Year Name of Subject/Course Title Course Codes Credit Hrs Psychology-I APBS-01 (3-0) Psychology-II APBS-11 (3-0) Mathematics APMM-104 (3-0) Intro to Computer",NUML Undergraduate Entry Test / Merit Based,75000,Per Semester,2026-02-03,https://numl.edu.pk/programs/program/337
National University of Modern Languages,Islamabad,Main Campus,BS,Associate Degree In Psychology,,"Eligibility: Intermediate with 45% marks OR A – Level with 50% marks OR Equivalent. National University of Modern Languages H-9/4 Islamabad ,Pakistan Phone: +92-51-9265100 Email: info@numl.edu.pk Regional Campuses Lahore Campus Faisalabad Campus Multan Campus Hyderabad Campus Quetta Campus Peshawar Campus Karachi Campus Rawalpindi MirpurAJK Campus 2026 © National University of Modern Languages, Is",NUML Undergraduate Entry Test / Merit Based,75000,Per Semester,2026-02-03,https://numl.edu.pk/programs/program/541
National University of Modern Languages,Islamabad,Main Campus,BS,BS Languages And Translation Studies,,"Eligibility: Intermediate with at least 2nd Division or equivalent (twelve years of education) on merit. National University of Modern Languages H-9/4 Islamabad ,Pakistan Phone: +92-51-9265100 Email: info@numl.edu.pk Regional Campuses Lahore Campus Faisalabad Campus Multan Campus Hyderabad Campus Quetta Campus Peshawar Campus Karachi Campus Rawalpindi MirpurAJK Campus 2026 © National University of",NUML Undergraduate Entry Test / Merit Based,75000,Per Semester,2026-02-03,https://numl.edu.pk/programs/program/285
National University of Modern Languages,Islamabad,Main Campus,BS,BS English,,Eligibility: Intermediate with 2nd Div OR A–Level with 50% marks OR Equivalent. SCHEME OF STUDIES 1st Semester Course Code Course Name Credit Hours ENBE 111 Basic English Language Skills 3 ENES 112 Introduction to Environmental Studies 3 ENAC 121 Introduction to History 3 ENGC 113 Human Rights and Citizenship 2 ENGC 114 Introduction to Mathematics 3 Total 14 2nd Semester Course Code Course Name Cr,NUML Undergraduate Entry Test / Merit Based,75000,Per Semester,2026-02-03,https://numl.edu.pk/programs/program/286
National University of Modern Languages,Islamabad,Main Campus,BS,Associate Degree In English,,"Eligibility: Intermediate with 45% marks OR A – Level with 50% marks OR Equivalent. National University of Modern Languages H-9/4 Islamabad ,Pakistan Phone: +92-51-9265100 Email: info@numl.edu.pk Regional Campuses Lahore Campus Faisalabad Campus Multan Campus Hyderabad Campus Quetta Campus Peshawar Campus Karachi Campus Rawalpindi MirpurAJK Campus 2026 © National University of Modern Languages, Is",NUML Undergraduate Entry Test / Merit Based,75000,Per Semester,2026-02-03,https://numl.edu.pk/programs/program/534
National University of Modern Languages,Islamabad,Main Campus,BS,BS Software Engineering,,"Eligibility: Intermediate with any one of the following combinations with 50% marks: (1) Maths, Physics & Chemistry (2) Maths, Physics & Computer Science (3) Maths, Stats & Computer Science (4) Maths, Stats & Physics (5) Maths, Stats & Economics (6) Maths, Computer & Economics (7) Physics, Chemistry & Biology. OR Diploma in Associate Engineering Examination with at least 60% aggregate marks in the",NUML Undergraduate Entry Test / Merit Based,75000,Per Semester,2026-02-03,https://numl.edu.pk/programs/program/238
National University of Modern Languages,Islamabad,Main Campus,BS,BS Information Technology,,"Eligibility: Intermediate with any one of the following combinations with 50% marks: (1) Maths, Physics and Chemistry (2) Maths, Physics and Computer Science (3) Maths, Stats and Computer Science (4) Maths, Stats and Physics (5) Maths, Stats and Economics (6) Maths, Computer Science and Economics (7) Physics, Chemistry and Biology (Pre-Medical) OR Diploma of Associate Engineering with at least 60%",NUML Undergraduate Entry Test / Merit Based,75000,Per Semester,2026-02-03,https://numl.edu.pk/programs/program/351
National University of Modern Languages,Islamabad,Main Campus,BS,BS Data Science,,"Eligibility: 50% marks in Intermediate with Mathematics, ICS / A level or equivalent with Mathematics. Pre-medical background students will have to pass deficiency courses of Mathematics (06 credits) in first two semesters. National University of Modern Languages H-9/4 Islamabad ,Pakistan Phone: +92-51-9265100 Email: info@numl.edu.pk Regional Campuses Lahore Campus Faisalabad Campus Multan Campus ",NUML Undergraduate Entry Test / Merit Based,75000,Per Semester,2026-02-03,https://numl.edu.pk/programs/program/536
National University of Modern Languages,Islamabad,Main Campus,BS,BS Commerce,2 Year,Eligibility: Intermediate (12 Years) With Minimum 45% marks /A-Level with Minimum 50% marks Courses: S.No Course Code Subject Credit Hours 1 HUM-101 Functional English 3 2 MGT-101 Introduction to Buisiness 3 3 ACC-121 Fundamentals of Accounting 3 4 ITM-121 Introduction to IT 3 5 MTS-101 Business Mathematics 3 6 HUM-121 Pakistan Studies 2 7 HUM-122 Islamic Studies 2 8 ECO-121 Microeconomics 3 9 ACC,NUML Undergraduate Entry Test / Merit Based,75000,Per Semester,2026-02-03,https://numl.edu.pk/programs/program/441
National University of Modern Languages,Islamabad,Main Campus,BS,BS Accounting & Finance,2 Year,Eligibility: Intermediate (12 Years) With Minimum 45% marks /A-Level with Minimum 50% marks Courses: S.No Course Code Subject Credit Hours 1 HUM-102 B Business Communication & Professional Speech 3 2 ACC-141 Financial Accounting 3 3 MKT-221 Principles of Marketing 3 4 FIN-121 Intro. to Business Finance 3 5 MTS-102 Statistics and Probability 3 6 ECO-101 Macro Economics 3 7 HUM-102 Business Communic,NUML Undergraduate Entry Test / Merit Based,75000,Per Semester,2026-02-03,https://numl.edu.pk/programs/program/442
National University of Modern Languages,Islamabad,Main Campus,BS,Associate Degree In Commerce,2 Year,"Eligibility: Intermediate (12 Years) With Minimum 45% marks / A-Level with Minimum 50% marks. National University of Modern Languages H-9/4 Islamabad ,Pakistan Phone: +92-51-9265100 Email: info@numl.edu.pk Regional Campuses Lahore Campus Faisalabad Campus Multan Campus Hyderabad Campus Quetta Campus Peshawar Campus Karachi Campus Rawalpindi MirpurAJK Campus 2026 © National University of Modern Lan",NUML Undergraduate Entry Test / Merit Based,75000,Per Semester,2026-02-03,https://numl.edu.pk/programs/program/511
National University of Modern Languages,Islamabad,Main Campus,MS,M.Phil Education,1.5 Year,"Eligibility: a. Master degree (16 years of education) in relevant discipline from HEC recognized University with minimum 2.5 out of 4.0 CGPA or Grade ‘B’ under semester system or 50 % marks under annual system. b. Selection in the respective program will be subject to availability of seats, merit-based on academic qualification, valid GRE International / NTS / NUML devised GAT- General Score. c. Applicants with valid GRE International/GAT-General from NTS will have to pass written/subjective por",NUML Graduate Entry Test / Merit Based,90000,Per Semester,2026-02-03,https://numl.edu.pk/programs/program/254
National University of Modern Languages,Islamabad,Main Campus,MS,M. Phil.-International Relations,,Eligibility: a. 16 years of education in relevant discipline from HEC recognized university with following score: - i. Semester system: 2.50/4.00 CGPA or grade “B”. ii. Annual System: 50% marks (45% for English and Urdu) b. GAT-General with a minimum cumulative score as determined by HEC. c. Passing of entrance test /interview conducted by the university. Courses: S.No Course Code Subject Credit Hours 1 IRFA-768 Foreign Policy Analysis 03 2 IRTH-701 Theories of International Relations 03 3 IRIP-,NUML Graduate Entry Test / Merit Based,90000,Per Semester,2026-02-03,https://numl.edu.pk/programs/program/208
National University of Modern Languages,Islamabad,Main Campus,MS,MPhil Media & Communication Studies,,"Eligibility: Master / BS degree (16 years of education) in relevant discipline from HEC recognized University with minimum 2.5 out of 4.0 CGPA  or Grade ‘B’ under semester system or 50 % marks under annual system (45% marks under annual system for Urdu / English programs only). Selection in the respective program will be subject to availability of seats, merit based on academic qualification, valid GRE International / NTS / NUML devised GAT- General Score. Applicants with valid GRE International",NUML Graduate Entry Test / Merit Based,90000,Per Semester,2026-02-03,https://numl.edu.pk/programs/program/434
National University of Modern Languages,Islamabad,Main Campus,MS,M.Phil,,"Eligibility: Master / BS degree (16 years of education) in relevant discipline from HEC recognized University with minimum 2.5 out of 4.0 CGPA or Grade ‘B’ under semester system or 50 % marks under annual system (45% marks under annual system for Urdu / English programs only). Selection in the respective program will be subject to availability of seats, merit based on academic qualification, valid GRE International / NTS / NUML devised GAT- General Score. Applicants with valid GRE International/",NUML Graduate Entry Test / Merit Based,90000,Per Semester,2026-02-03,https://numl.edu.pk/programs/program/236
National University of Modern Languages,Islamabad,Main Campus,MS,M Phil Islamic Studies,,"Eligibility: Master / BS degree (16 years of education) in relevant discipline from HEC recognized University with minimum 2.5 out of 4.0 CGPA or Grade ‘B’ under semester system or 50 % marks under annual system (45% marks under annual system for Urdu / English programs only). Selection in the respective program will be subject to availability of seats, merit based on academic qualification, valid GRE International / NTS / NUML devised GAT- General Score. Applicants with valid GRE International/",NUML Graduate Entry Test / Merit Based,90000,Per Semester,2026-02-03,https://numl.edu.pk/programs/program/204
National University of Modern Languages,Islamabad,Main Campus,MS,MS Computer Science (MS-CS),,"Eligibility: Master / BS degree (16 years of education) in relevant discipline from HEC recognized University with minimum 2.5 out of 4.0 CGPA or Grade ‘B’ under semester system or 50 % marks under annual system (45% marks under annual system for Urdu / English programs only). Selection in the respective program will be subject to availability of seats, merit based on academic qualification, valid GRE International / NTS / NUML devised GAT- General Score. Applicants with valid GRE International/",NUML Graduate Entry Test / Merit Based,90000,Per Semester,2026-02-03,https://numl.edu.pk/programs/program/59
National University of Modern Languages,Islamabad,Main Campus,MS,MS (Artificial Intelligence),2 Year,"Eligibility: BS(AI, CS, SE, IT) 4 Years Degree -16 Years Education, OR    MCS/MIT 2 Years Degree -16 Years Education, And 50% Marks in Annual System or 65% Marks/2.5 CGPA in Semester System and NTS General Test with at least 50% Marks or NUML General Test with at least 60% Marks And Interview . Scheme of Study: National University of Modern Languages H-9/4 Islamabad ,Pakistan Phone: +92-51-9265100 Email: info@numl.edu.pk Regional Campuses Lahore Campus Faisalabad Campus Multan Campus Hyderabad C",NUML Graduate Entry Test / Merit Based,90000,Per Semester,2026-02-03,https://numl.edu.pk/programs/program/458
National University of Modern Languages,Islamabad,Main Campus,MS,MS (Cyber Security),2 Year,"Eligibility: BS(Cyber Security, CS, SE, IT) 4 Years Degree -16 Years Education, OR    MCS/MIT 2 Years Degree -16 Years Education, And 50% Marks in AnnualSystem or 65% Marks/2.5 CGPA in Semester System and NTS General Test with at least 50% Marks or NUML General Test with at least 60% Marks And Interview Scheme of Study: National University of Modern Languages H-9/4 Islamabad ,Pakistan Phone: +92-51-9265100 Email: info@numl.edu.pk Regional Campuses Lahore Campus Faisalabad Campus Multan Campus Hy",NUML Graduate Entry Test / Merit Based,90000,Per Semester,2026-02-03,https://numl.edu.pk/programs/program/459
National University of Modern Languages,Islamabad,Main Campus,MS,MS  Electrical Engineering,,"Eligibility: Master / BS degree (16 years of education) in relevant discipline from HEC recognized University with minimum 2.5 out of 4.0 CGPA (PEC registration is also mandatory) or Grade ‘B’ under semester system or 50 % marks under annual system (45% marks under annual system for Urdu / English programs only). Selection in the respective program will be subject to availability of seats, merit based on academic qualification, valid GRE International / NTS / NUML devised GAT- General Score. App",NUML Graduate Entry Test / Merit Based,90000,Per Semester,2026-02-03,https://numl.edu.pk/programs/program/232
National University of Modern Languages,Islamabad,Main Campus,MS,M.Phil Urdu,,"Eligibility: Master / BS degree (16 years of education) in relevant discipline from HEC recognized University with minimum 2.5 out of 4.0 CGPA  or Grade ‘B’ under semester system or 50 % marks under annual system (45% marks under annual system for Urdu / English programs only). Selection in the respective program will be subject to availability of seats, merit based on academic qualification, valid GRE International / NTS / NUML devised GAT- General Score. Applicants with valid GRE International",NUML Graduate Entry Test / Merit Based,90000,Per Semester,2026-02-03,https://numl.edu.pk/programs/program/119
National University of Modern Languages,Islamabad,Main Campus,MS,M.Phil Chinese,,"Eligibility: Master / BS degree (16 years of education) in relevant discipline from HEC recognized University with minimum 2.5 out of 4.0 CGPA (2.0 out of 4.0 CGPA for MS EE only, PEC registration is also mandatory) or Grade ‘B’ under semester system or 50 % marks under annual system (45% marks under annual system for Urdu / English programs only). Selection in the respective program will be subject to availability of seats, merit based on academic qualification, valid GRE International / NTS / ",NUML Graduate Entry Test / Merit Based,90000,Per Semester,2026-02-03,https://numl.edu.pk/programs/program/288
National University of Modern Languages,Islamabad,Main Campus,MS,MPhil Persian,,"Eligibility: Master / BS degree (16 years of education) in relevant discipline from HEC recognized University with minimum 2.5 out of 4.0 CGPA or Grade ‘B’ under semester system or 50 % marks under annual system (45% marks under annual system for Urdu / English programs only). Selection in the respective program will be subject to availability of seats, merit based on academic qualification, valid GRE International / NTS / NUML devised GAT- General Score. Applicants with valid GRE International/",NUML Graduate Entry Test / Merit Based,90000,Per Semester,2026-02-03,https://numl.edu.pk/programs/program/287
National University of Modern Languages,Islamabad,Main Campus,MS,M.Phil,,"Eligibility: Master / BS degree (16 years of education) in relevant discipline from HEC recognized University with minimum 2.5 out of 4.0 CGPA or Grade ‘B’ under semester system or 50 % marks under annual system (45% marks under annual system for Urdu / English programs only). Selection in the respective program will be subject to availability of seats, merit based on academic qualification, valid GRE International / NTS / NUML devised GAT- General Score. Applicants with valid GRE International/",NUML Graduate Entry Test / Merit Based,90000,Per Semester,2026-02-03,https://numl.edu.pk/programs/program/246
National University of Modern Languages,Islamabad,Main Campus,MS,MPhil In Hindi Language,,"Eligibility: Master / BS degree (16 years of education) in relevant discipline from HEC recognized University with minimum 2.5 out of 4.0 CGPA  or Grade ‘B’ under semester system or 50 % marks under annual system (45% marks under annual system for Urdu / English programs only). Selection in the respective program will be subject to availability of seats, merit based on academic qualification, valid GRE International / NTS / NUML devised GAT- General Score. Applicants with valid GRE International",NUML Graduate Entry Test / Merit Based,90000,Per Semester,2026-02-03,https://numl.edu.pk/programs/program/145
National University of Modern Languages,Islamabad,Main Campus,MS,M.Phil Arabic,,"Eligibility: a. Master degree (16 years of education) in relevant discipline from HEC recognized University with minimum 2.5 out of 4.0 CGPA or Grade ‘B’ under semester system or 50 % marks under annual system. b. Selection in the respective program will be subject to availability of seats, merit based on academic qualification, valid GRE International / NTS / NUML devised GAT- General Score. c. Applicants with valid GRE International/GAT-General from NTS will have to pass written/subjective por",NUML Graduate Entry Test / Merit Based,90000,Per Semester,2026-02-03,https://numl.edu.pk/programs/program/183
National University of Modern Languages,Islamabad,Main Campus,MS,MPhil French,,"Eligibility: Master / BS degree (16 years of education) in relevant discipline from HEC recognized University with minimum 2.5 out of 4.0 CGPA or Grade ‘B’ under semester system or 50 % marks under annual system (45% marks under annual system for Urdu / English programs only). Selection in the respective program will be subject to availability of seats, merit based on academic qualification, valid GRE International / NTS / NUML devised GAT- General Score. Applicants with valid GRE International/",NUML Graduate Entry Test / Merit Based,90000,Per Semester,2026-02-03,https://numl.edu.pk/programs/program/69
National University of Modern Languages,Islamabad,Main Campus,MS,MS Mathematics,,"Eligibility: Master / BS degree (16 years of education) in relevant discipline from HEC recognized University with minimum 2.5 out of 4.0 CGPA or Grade ‘B’ under semester system or 50 % marks under annual system (45% marks under annual system for Urdu / English programs only). Selection in the respective program will be subject to availability of seats, merit based on academic qualification, valid GRE International / NTS / NUML devised GAT- General Score. Applicants with valid GRE International/",NUML Graduate Entry Test / Merit Based,90000,Per Semester,2026-02-03,https://numl.edu.pk/programs/program/251
National University of Modern Languages,Islamabad,Main Campus,MS,MBA Executive,,"Eligibility: BSCS (4 years), BE (4 years), MBBS, MA, MSc or Equivalent qualification with CGPA 2.0/4 under semester system or 45% marks under annual System with three years job experience All HEC conditions apply National University of Modern Languages H-9/4 Islamabad ,Pakistan Phone: +92-51-9265100 Email: info@numl.edu.pk Regional Campuses Lahore Campus Faisalabad Campus Multan Campus Hyderabad Campus Quetta Campus Peshawar Campus Karachi Campus Rawalpindi MirpurAJK Campus 2026 © National Unive",NUML Graduate Entry Test / Merit Based,90000,Per Semester,2026-02-03,https://numl.edu.pk/programs/program/86
National University of Modern Languages,Islamabad,Main Campus,MS,"MS Management Sciences (Marketing, Finance, HR, Supply Chain)",2 Year,"Eligibility: Master / BS degree (16 years of education) in relevant discipline from HEC recognized University with minimum 2.5 out of 4.0 CGPA or Grade ‘B’ under semester system or 50 % marks under annual system (45% marks under annual system for Urdu / English programs only). Selection in the respective program will be subject to availability of seats, merit based on academic qualification, valid GRE International / NTS / NUML devised GAT- General Score. Applicants with valid GRE International/",NUML Graduate Entry Test / Merit Based,90000,Per Semester,2026-02-03,https://numl.edu.pk/programs/program/89
National University of Modern Languages,Islamabad,Main Campus,MS,MBA  (with Business Education),,"Eligibility: MBA (with Business Education) - 3 Semesters : BBA (4 Years) BS A & F (4 Years) B.Com (4 Years), Old MBA / MPA, M.Com, ACMA, ACA, or Equivalent with CGPA 2.0/4 OR 45% marks under annual system. National University of Modern Languages H-9/4 Islamabad ,Pakistan Phone: +92-51-9265100 Email: info@numl.edu.pk Regional Campuses Lahore Campus Faisalabad Campus Multan Campus Hyderabad Campus Quetta Campus Peshawar Campus Karachi Campus Rawalpindi MirpurAJK Campus 2026 © National University o",NUML Graduate Entry Test / Merit Based,90000,Per Semester,2026-02-03,https://numl.edu.pk/programs/program/273
National University of Modern Languages,Islamabad,Main Campus,MS,MBA (with Non-Business Education),,"Eligibility: BSCS (4 years), BE(4 years), MBBS, MA, MSc or Equivalent qualification with CGPA 2.0/4 under semester system or 45% marks under annual System All HEC conditions apply National University of Modern Languages H-9/4 Islamabad ,Pakistan Phone: +92-51-9265100 Email: info@numl.edu.pk Regional Campuses Lahore Campus Faisalabad Campus Multan Campus Hyderabad Campus Quetta Campus Peshawar Campus Karachi Campus Rawalpindi MirpurAJK Campus 2026 © National University of Modern Languages, Islama",NUML Graduate Entry Test / Merit Based,90000,Per Semester,2026-02-03,https://numl.edu.pk/programs/program/274
National University of Modern Languages,Islamabad,Main Campus,MS,MPhil Governance & Public Policy,,"Eligibility: Master / BS degree (16 years of education) in relevant discipline from HEC recognized University with minimum 2.5 out of 4.0 CGPA or Grade ‘B’ under semester system or 50 % marks under annual system (45% marks under annual system for Urdu / English programs only). Selection in the respective program will be subject to availability of seats, merit based on academic qualification, valid GRE International / NTS / NUML devised GAT- General Score. Applicants with valid GRE International/",NUML Graduate Entry Test / Merit Based,90000,Per Semester,2026-02-03,https://numl.edu.pk/programs/program/167
National University of Modern Languages,Islamabad,Main Campus,MS,MPhil Economics,,"Eligibility: Master / BS degree (16 years of education) in relevant discipline from HEC recognized University with minimum 2.5 out of 4.0 CGPA or Grade ‘B’ under semester system or 50 % marks under annual system (45% marks under annual system for Urdu / English programs only). Selection in the respective program will be subject to availability of seats, merit based on academic qualification, valid GRE International / NTS / NUML devised GAT- General Score. Applicants with valid GRE International/",NUML Graduate Entry Test / Merit Based,90000,Per Semester,2026-02-03,https://numl.edu.pk/programs/program/73
National University of Modern Languages,Islamabad,Main Campus,MS,MS Development Studies In Economics,,"Eligibility: MS/MPhil Programs : Master / BS degree (16 years of education) in relevant discipline from HEC recognized University with minimum 2.5 out of 4.0 CGPA or Grade ‘B’ under semester system or 50 % marks under annual system (45% marks under annual system for Urdu / English programs only). Selection in the respective program will be subject to availability of seats, merit based on academic qualification, valid GRE International / NTS / NUML devised GAT- General Score. Applicants with vali",NUML Graduate Entry Test / Merit Based,90000,Per Semester,2026-02-03,https://numl.edu.pk/programs/program/514
National University of Modern Languages,Islamabad,Main Campus,MS,MPhil Psychology,,"Eligibility: Master / BS degree (16 years of education) in relevant discipline from HEC recognized University with minimum 2.5 out of 4.0 CGPA or Grade ‘B’ under semester system or 50 % marks under annual system (45% marks under annual system for Urdu / English programs only). Selection in the respective program will be subject to availability of seats, merit based on academic qualification, valid GRE International / NTS / NUML devised GAT- General Score. Applicants with valid GRE International/",NUML Graduate Entry Test / Merit Based,90000,Per Semester,2026-02-03,https://numl.edu.pk/programs/program/267
National University of Modern Languages,Islamabad,Main Campus,MS,Masters In Data Science - MS(DS),2 Year,"Eligibility: Master / BS degree (16 years of education) in following domains (Information Technology, Software Engineering, Data Science, Artificial Intelligence, Computer Engineering, Electrical Engineering, Statistics or Mathematics, Computer Science or any computing related discipline) are eligible to apply from HEC recognized University with minimum 2.5 out of 4.0 CGPA or Grade ‘B’ under semester system or 50 % marks under annual system (45% marks under annual system for Urdu / English progr",NUML Graduate Entry Test / Merit Based,90000,Per Semester,2026-02-03,https://numl.edu.pk/programs/program/438
National University of Modern Languages,Islamabad,Main Campus,MS,Master In Software Engineering,,"Eligibility: Master / BS degree (16 years of education) in relevant discipline from HEC recognized University with minimum 2.5 out of 4.0 CGPA or Grade ‘B’ under semester system or 50 % marks under annual system (45% marks under annual system for Urdu / English programs only). Selection in the respective program will be subject to availability of seats, merit based on academic qualification, valid GRE International / NTS / NUML devised GAT- General Score. Applicants with valid GRE International/",NUML Graduate Entry Test / Merit Based,90000,Per Semester,2026-02-03,https://numl.edu.pk/programs/program/239
National University of Modern Languages,Islamabad,Main Campus,MS,MS Banking & Finance,,"Eligibility: As per HEC criteria National University of Modern Languages H-9/4 Islamabad ,Pakistan Phone: +92-51-9265100 Email: info@numl.edu.pk Regional Campuses Lahore Campus Faisalabad Campus Multan Campus Hyderabad Campus Quetta Campus Peshawar Campus Karachi Campus Rawalpindi MirpurAJK Campus 2026 © National University of Modern Languages, Islamabad. Privacy Policy Admission LMS Student Portal Library Journals E-Registration Online QEC Results Datesheets Scholarships Feedback",NUML Graduate Entry Test / Merit Based,90000,Per Semester,2026-02-03,https://numl.edu.pk/programs/program/504
National University of Modern Languages,Islamabad,Main Campus,PhD,PhD Education,3–5 Years,"Eligibility: a. MS/MPhil Degree (18 years of education with 6 credit hrs. research) in relevant discipline from HEC recognized University with minimum 3.0 out of 4.0 CGPA under semester system OR 1st Division under annual system. b. Selection in the respective program will be subject to availability of seats, merit based on academic qualification, valid GRE International / NTS / NUML devised GAT- subject score and interview. c. Applicants with valid GRE International/GAT-Subject from NTS will have to pass written/subjective portion of NUML GAT-S (as per schedule of respective Faculties) to sec",NUML PhD Admission Test / Interview,110000,Per Semester,2026-02-03,https://numl.edu.pk/programs/program/253
National University of Modern Languages,Islamabad,Main Campus,PhD,PhD-International Relations,3–5 Years,"Eligibility: a. MS/MPhil Degree (18 years of education with 6 credit hrs. research) in relevant discipline from HEC recognized University with minimum 3.0 out of 4.0 CGPA under semester system OR 1st Division under annual system. b. Selection in the respective program will be subject to availability of seats, merit based on academic qualification, valid GRE International / NTS / NUML devised GAT- subject score and interview. c. Applicants with valid GRE International/GAT-Subject from NTS will have to pass written/subjective portion of NUML GAT-S (as per schedule of respective Faculties) to sec",NUML PhD Admission Test / Interview,110000,Per Semester,2026-02-03,https://numl.edu.pk/programs/program/207
National University of Modern Languages,Islamabad,Main Campus,PhD,PhD Media & Communication Studies,3–5 Years,"Eligibility: a. MS/MPhil Degree (18 years of education with 6 credit hrs. research) in relevant discipline from HEC recognized University with minimum 3.0 out of 4.0 CGPA under semester system OR 1st Division under annual system. b. Selection in the respective program will be subject to availability of seats, merit based on academic qualification, valid GRE International / NTS / NUML devised GAT- subject score and interview. c. Applicants with valid GRE International/GAT-Subject from NTS will have to pass written/subjective portion of NUML GAT-S (as per schedule of respective Faculties) to sec",NUML PhD Admission Test / Interview,110000,Per Semester,2026-02-03,https://numl.edu.pk/programs/program/435
National University of Modern Languages,Islamabad,Main Campus,PhD,PhD Islamic Studies,3–5 Years,"Eligibility: MS/MPhil Degree (18 years of education with 6 credit hrs research) in relevant discipline from HEC recognized University with minimum 3.0 out of 4.0 CGPA under semester system OR 1st Division under annual system. Selection in the respective program will be subject to availability of seats, merit based on academic qualification, valid GRE International / NTS / NUML devised GAT- subject score and interview. Applicants with valid GRE International/GAT-Subject from NTS will have to pass written/subjective portion of NUML GAT-S (as per schedule of respective Faculties) to secure admiss",NUML PhD Admission Test / Interview,110000,Per Semester,2026-02-03,https://numl.edu.pk/programs/program/205
National University of Modern Languages,Islamabad,Main Campus,PhD,PhD Computer Science (PhD-CS),3–5 Years,"Eligibility: MS/MPhil Degree (18 years of education with 6 credit hrs research) in relevant discipline from HEC recognized University with minimum 3.0 out of 4.0 CGPA under semester system OR 1st Division under annual system. Selection in the respective program will be subject to availability of seats, merit based on academic qualification, valid GRE International / NTS / NUML devised GAT- subject score and interview. Applicants with valid GRE International/GAT-Subject from NTS will have to pass written/subjective portion of NUML GAT-S (as per schedule of respective Faculties) to secure admiss",NUML PhD Admission Test / Interview,110000,Per Semester,2026-02-03,https://numl.edu.pk/programs/program/206
National University of Modern Languages,Islamabad,Main Campus,PhD,Mphil/Phd (Suspended Presently),3–5 Years,"Eligibility: MA in German Language and Literature National University of Modern Languages H-9/4 Islamabad ,Pakistan Phone: +92-51-9265100 Email: info@numl.edu.pk Regional Campuses Lahore Campus Faisalabad Campus Multan Campus Hyderabad Campus Quetta Campus Peshawar Campus Karachi Campus Rawalpindi MirpurAJK Campus 2026 © National University of Modern Languages, Islamabad. Privacy Policy Admission LMS Student Portal Library Journals E-Registration Online QEC Results Datesheets Scholarships Feedback",NUML PhD Admission Test / Interview,110000,Per Semester,2026-02-03,https://numl.edu.pk/programs/program/227
National University of Modern Languages,Islamabad,Main Campus,PhD,PhD Urdu,3 Year,"Eligibility: a. MS/MPhil Degree (18 years of education with 6 credit hrs. research) in relevant discipline from HEC recognized University with minimum 3.0 out of 4.0 CGPA under semester system OR 1st Division under annual system. b. Selection in the respective program will be subject to availability of seats, merit based on academic qualification, valid GRE International / NTS / NUML devised GAT- subject score and interview. c. Applicants with valid GRE International/GAT-Subject from NTS will have to pass written/subjective portion of NUML GAT-S (as per schedule of respective Faculties) to sec",NUML PhD Admission Test / Interview,110000,Per Semester,2026-02-03,https://numl.edu.pk/programs/program/120
National University of Modern Languages,Islamabad,Main Campus,PhD,PhD Persian,3–5 Years,"Eligibility: a. MS/MPhil Degree (18 years of education with 6 credit hrs. research) in relevant discipline from HEC recognized University with minimum 3.0 out of 4.0 CGPA under semester system OR 1st Division under annual system. b. Selection in the respective program will be subject to availability of seats, merit based on academic qualification, valid GRE International / NTS / NUML devised GAT- subject score and interview. c. Applicants with valid GRE International/GAT-Subject from NTS will have to pass written/subjective portion of NUML GAT-S (as per schedule of respective Faculties) to sec",NUML PhD Admission Test / Interview,110000,Per Semester,2026-02-03,https://numl.edu.pk/programs/program/289
National University of Modern Languages,Islamabad,Main Campus,PhD,PhD English (Linguistics & Literature),3–5 Years,"Eligibility: a. MS/MPhil Degree (18 years of education with 6 credit hrs. research) in relevant discipline from HEC recognized University with minimum 3.0 out of 4.0 CGPA under semester system OR 1st Division under annual system. b. Selection in the respective program will be subject to availability of seats, merit based on academic qualification, valid GRE International / NTS / NUML devised GAT- subject score and interview. c. Applicants with valid GRE International/GAT-Subject from NTS will have to pass written/subjective portion of NUML GAT-S (as per schedule of respective Faculties) to sec",NUML PhD Admission Test / Interview,110000,Per Semester,2026-02-03,https://numl.edu.pk/programs/program/245
National University of Modern Languages,Islamabad,Main Campus,PhD,Ph.D Arabic,3 Year,"Eligibility: a. MS/MPhil Degree (18 years of education with 6 credit hrs. research) in relevant discipline from HEC recognized University with minimum 3.0 out of 4.0 CGPA under semester system OR 1st Division under annual system. b. Selection in the respective program will be subject to availability of seats, merit based on academic qualification, valid GRE International / NTS / NUML devised GAT- subject score and interview. c. Applicants with valid GRE International/GAT-Subject from NTS will have to pass written/subjective portion of NUML GAT-S (as per schedule of respective Faculties) to sec",NUML PhD Admission Test / Interview,110000,Per Semester,2026-02-03,https://numl.edu.pk/programs/program/184
National University of Modern Languages,Islamabad,Main Campus,PhD,PhD Mathematics,3–5 Years,"Eligibility: PhD (Mathematics) Degree Programme (Three Years-Six Semesters) The Department of Mathematics, National University of Modern Languages (NUML), Islamabad offers Graduate Programs leading to the degree of PhD in Mathematics. The diversity of graduate courses offered in the department give the student an opportunity to specialize in one of the several fields of Pure Mathematics, Applied Mathematics, Computational Mathematics OBJECTIVES OF THE PROGRAM This program is designed to develop most recent knowledge and up to dated research in Mathematics. We have experts in many major areas o",NUML PhD Admission Test / Interview,110000,Per Semester,2026-02-03,https://numl.edu.pk/programs/program/497
National University of Modern Languages,Islamabad,Main Campus,PhD,"PhD Management Sciences (Finance, HRM, General Management And Marketing)",3–5 Years,"Eligibility: a. MS/MPhil Degree (18 years of education with 6 credit hrs. research) in relevant discipline from HEC recognized University with minimum 3.0 out of 4.0 CGPA under semester system OR 1st Division under annual system. b. Selection in the respective program will be subject to availability of seats, merit based on academic qualification, valid GRE International / NTS / NUML devised GAT- subject score and interview. c. Applicants with valid GRE International/GAT-Subject from NTS will have to pass written/subjective portion of NUML GAT-S (as per schedule of respective Faculties) to sec",NUML PhD Admission Test / Interview,110000,Per Semester,2026-02-03,https://numl.edu.pk/programs/program/90
National University of Modern Languages,Islamabad,Main Campus,PhD,PhD Governance & Public Policy,3–5 Years,"Eligibility: a. MS/MPhil Degree (18 years of education with 6 credit hrs. research) in relevant discipline from HEC recognized University with minimum 3.0 out of 4.0 CGPA under semester system OR 1st Division under annual system. b. Selection in the respective program will be subject to availability of seats, merit based on academic qualification, valid GRE International / NTS / NUML devised GAT- subject score and interview. c. Applicants with valid GRE International/GAT-Subject from NTS will have to pass written/subjective portion of NUML GAT-S (as per schedule of respective Faculties) to sec",NUML PhD Admission Test / Interview,110000,Per Semester,2026-02-03,https://numl.edu.pk/programs/program/353
National University of Modern Languages,Islamabad,Main Campus,PhD,PhD Economics,3–5 Years,"Eligibility: a. MS/MPhil Degree (18 years of education with 6 credit hrs. research) in relevant discipline from HEC recognized University with minimum 3.0 out of 4.0 CGPA under semester system OR 1st Division under annual system. b. Selection in the respective program will be subject to availability of seats, merit based on academic qualification, valid GRE International / NTS / NUML devised GAT- subject score and interview. c. Applicants with valid GRE International/GAT-Subject from NTS will have to pass written/subjective portion of NUML GAT-S (as per schedule of respective Faculties) to sec",NUML PhD Admission Test / Interview,110000,Per Semester,2026-02-03,https://numl.edu.pk/programs/program/74
National University of Modern Languages,Islamabad,Main Campus,PhD,PhD Psychology,3–5 Years,"Eligibility: a. MS/MPhil Degree (18 years of education with 6 credit hrs. research) in relevant discipline from HEC recognized University with minimum 3.0 out of 4.0 CGPA under semester system OR 1st Division under annual system. b. Selection in the respective program will be subject to availability of seats, merit based on academic qualification, valid GRE International / NTS / NUML devised GAT- subject score and interview. c. Applicants with valid GRE International/GAT-Subject from NTS will have to pass written/subjective portion of NUML GAT-S (as per schedule of respective Faculties) to sec",NUML PhD Admission Test / Interview,110000,Per Semester,2026-02-03,https://numl.edu.pk/programs/program/268
National University of Modern Languages,Islamabad,Main Campus,PhD,PhD In Software Engineering,3–5 Years,"Eligibility: a. MS/MPhil Degree (18 years of education with 6 credit hrs. research) in relevant discipline from HEC recognized University with minimum 3.0 out of 4.0 CGPA under semester system OR 1st Division under annual system. b. Selection in the respective program will be subject to availability of seats, merit based on academic qualification, valid GRE International / NTS / NUML devised GAT- subject score and interview. c. Applicants with valid GRE International/GAT-Subject from NTS will have to pass written/subjective portion of NUML GAT-S (as per schedule of respective Faculties) to sec",NUML PhD Admission Test / Interview,110000,Per Semester,2026-02-03,https://numl.edu.pk/programs/program/240
